-- --------------------------------------------------------
-- Host:                         127.0.0.1
-- Server version:               10.4.32-MariaDB - mariadb.org binary distribution
-- Server OS:                    Win64
-- HeidiSQL Version:             12.8.0.6908
-- --------------------------------------------------------

/*!40101 SET @OLD_CHARACTER_SET_CLIENT=@@CHARACTER_SET_CLIENT */;
/*!40101 SET NAMES utf8 */;
/*!50503 SET NAMES utf8mb4 */;
/*!40103 SET @OLD_TIME_ZONE=@@TIME_ZONE */;
/*!40103 SET TIME_ZONE='+00:00' */;
/*!40014 SET @OLD_FOREIGN_KEY_CHECKS=@@FOREIGN_KEY_CHECKS, FOREIGN_KEY_CHECKS=0 */;
/*!40101 SET @OLD_SQL_MODE=@@SQL_MODE, SQL_MODE='NO_AUTO_VALUE_ON_ZERO' */;
/*!40111 SET @OLD_SQL_NOTES=@@SQL_NOTES, SQL_NOTES=0 */;

-- Dumping structure for table db_p57_kaldera.migrations
DROP TABLE IF EXISTS `migrations`;
CREATE TABLE IF NOT EXISTS `migrations` (
  `id` bigint(20) unsigned NOT NULL AUTO_INCREMENT,
  `version` varchar(255) NOT NULL,
  `class` varchar(255) NOT NULL,
  `group` varchar(255) NOT NULL,
  `namespace` varchar(255) NOT NULL,
  `time` int(11) NOT NULL,
  `batch` int(11) unsigned NOT NULL,
  PRIMARY KEY (`id`)
) ENGINE=InnoDB AUTO_INCREMENT=19 DEFAULT CHARSET=utf8mb4 COLLATE=utf8mb4_general_ci;

-- Dumping data for table db_p57_kaldera.migrations: ~17 rows (approximately)
DELETE FROM `migrations`;
INSERT INTO `migrations` (`id`, `version`, `class`, `group`, `namespace`, `time`, `batch`) VALUES
	(1, '20240101043322', 'App\\Database\\Migrations\\CreatePengaturanTable', 'default', 'App', 1748540062, 1),
	(2, '20240101055512', 'App\\Database\\Migrations\\CreatePengaturanThemeTable', 'default', 'App', 1748540062, 1),
	(3, '20250221135553', 'App\\Database\\Migrations\\CreateTblSessions', 'default', 'App', 1748540062, 1),
	(4, '20250526125512', 'App\\Database\\Migrations\\CreateTblPengaturanApi', 'default', 'App', 1748540062, 1),
	(5, '20250530002715', 'App\\Database\\Migrations\\CreateTblIonModules', 'default', 'App', 1748540062, 1),
	(7, '20181211100537', 'IonAuth\\Database\\Migrations\\Migration_Install_ion_auth', 'default', 'IonAuth', 1748540562, 2),
	(8, '2025-09-17-000001', 'App\\Database\\Migrations\\CreateTfkMaster', 'default', 'App', 1758113854, 44),
	(9, '2025-09-17-000002', 'App\\Database\\Migrations\\CreateTfkDetail', 'default', 'App', 1758113854, 44),
	(10, '2025-09-17-000003', 'App\\Database\\Migrations\\AlterTfkDetailAddKeuReal', 'default', 'App', 1758117485, 45),
	(11, '2025-09-17-000004', 'App\\Database\\Migrations\\AlterTfkDetailAddYear', 'default', 'App', 1758124134, 46),
	(12, '2025-09-18-010053', 'App\\Database\\Migrations\\AddRealisasiFieldsToTfkDetail', 'default', 'App', 1758157263, 47),
	(13, '20240101043322', 'App\\Database\\Migrations\\Migration_20240101043322_create_tbl_pengaturan', 'default', 'App', 1758172185, 48),
	(14, '20250101000000', 'App\\Database\\Migrations\\Migration_20250101000000_create_tbl_ion_actions', 'default', 'App', 1758172185, 48),
	(15, '20250101000001', 'App\\Database\\Migrations\\Migration_20250101000001_add_limit_to_tbl_pengaturan', 'default', 'App', 1758172185, 48),
	(16, '20250101000001', 'App\\Database\\Migrations\\Migration_20250101000001_create_tbl_ion_permissions', 'default', 'App', 1758172186, 48),
	(17, '2025-09-18-050929', 'App\\Database\\Migrations\\CreateTblTfkSavedData', 'default', 'App', 1758172186, 48),
	(18, '2025-09-18-051134', 'App\\Database\\Migrations\\CreateTblFiskal', 'default', 'App', 1758172311, 49);

-- Dumping structure for table db_p57_kaldera.tbl_fiskal
DROP TABLE IF EXISTS `tbl_fiskal`;
CREATE TABLE IF NOT EXISTS `tbl_fiskal` (
  `id` int(11) unsigned NOT NULL AUTO_INCREMENT,
  `master_id` int(11) unsigned NOT NULL COMMENT 'Reference to tbl_target_fisik_keu_master',
  `tipe` enum('0','1','2','3','4','5','6','7','8','9','10') NOT NULL DEFAULT '0' COMMENT '0-10 enum, 1 for target fisik keuangan',
  `tahun` year(4) NOT NULL COMMENT 'Year of the data',
  `bulan` enum('jan','feb','mar','apr','mei','jun','jul','ags','sep','okt','nov','des') NOT NULL COMMENT 'Month abbreviation',
  `target_fisik` decimal(5,2) NOT NULL DEFAULT 0.00 COMMENT 'Target Fisik (%)',
  `target_keuangan` decimal(5,2) NOT NULL DEFAULT 0.00 COMMENT 'Target Keuangan (%)',
  `realisasi_fisik` decimal(5,2) NOT NULL DEFAULT 0.00 COMMENT 'Realisasi Fisik (%)',
  `realisasi_keuangan` decimal(5,2) NOT NULL DEFAULT 0.00 COMMENT 'Realisasi Keuangan (%)',
  `realisasi_fisik_prov` decimal(5,2) NOT NULL DEFAULT 0.00 COMMENT 'Realisasi Fisik Provinsi (%)',
  `realisasi_keuangan_prov` decimal(5,2) NOT NULL DEFAULT 0.00 COMMENT 'Realisasi Keuangan Provinsi (%)',
  `deviasi_fisik` decimal(5,2) NOT NULL DEFAULT 0.00 COMMENT 'Deviasi Fisik (%) - calculated field',
  `deviasi_keuangan` decimal(5,2) NOT NULL DEFAULT 0.00 COMMENT 'Deviasi Keuangan (%) - calculated field',
  `analisa` text DEFAULT NULL COMMENT 'Analisa text',
  `created_at` datetime DEFAULT NULL,
  `updated_at` datetime DEFAULT NULL,
  PRIMARY KEY (`id`),
  UNIQUE KEY `master_id_tipe_tahun_bulan` (`master_id`,`tipe`,`tahun`,`bulan`)
) ENGINE=InnoDB AUTO_INCREMENT=2 DEFAULT CHARSET=utf8mb4 COLLATE=utf8mb4_general_ci;

-- Dumping data for table db_p57_kaldera.tbl_fiskal: ~0 rows (approximately)
DELETE FROM `tbl_fiskal`;

-- Dumping structure for table db_p57_kaldera.tbl_ion_actions
DROP TABLE IF EXISTS `tbl_ion_actions`;
CREATE TABLE IF NOT EXISTS `tbl_ion_actions` (
  `id` int(11) unsigned NOT NULL AUTO_INCREMENT,
  `name` varchar(50) NOT NULL COMMENT 'Action name: create, read, update, delete, etc.',
  `description` varchar(255) DEFAULT NULL COMMENT 'Description of the action',
  `is_active` enum('0','1') NOT NULL DEFAULT '1' COMMENT 'Whether action is active',
  `created_at` datetime DEFAULT NULL,
  `updated_at` datetime DEFAULT NULL,
  PRIMARY KEY (`id`),
  KEY `name` (`name`)
) ENGINE=InnoDB AUTO_INCREMENT=12 DEFAULT CHARSET=utf8mb4 COLLATE=utf8mb4_general_ci;

-- Dumping data for table db_p57_kaldera.tbl_ion_actions: ~11 rows (approximately)
DELETE FROM `tbl_ion_actions`;
INSERT INTO `tbl_ion_actions` (`id`, `name`, `description`, `is_active`, `created_at`, `updated_at`) VALUES
	(1, 'create', 'Create new records', '1', '2025-09-18 05:09:45', NULL),
	(2, 'read', 'Read/view records', '1', '2025-09-18 05:09:45', NULL),
	(3, 'read_all', 'Read all records (not just own)', '1', '2025-09-18 05:09:45', NULL),
	(4, 'update', 'Update records', '1', '2025-09-18 05:09:45', NULL),
	(5, 'update_all', 'Update all records (not just own)', '1', '2025-09-18 05:09:45', NULL),
	(6, 'delete', 'Delete records', '1', '2025-09-18 05:09:45', NULL),
	(7, 'delete_all', 'Delete all records (not just own)', '1', '2025-09-18 05:09:45', NULL),
	(8, 'export', 'Export data', '1', '2025-09-18 05:09:45', NULL),
	(9, 'import', 'Import data', '1', '2025-09-18 05:09:45', NULL),
	(10, 'approve', 'Approve records', '1', '2025-09-18 05:09:45', NULL),
	(11, 'reject', 'Reject records', '1', '2025-09-18 05:09:45', NULL);

-- Dumping structure for table db_p57_kaldera.tbl_ion_groups
DROP TABLE IF EXISTS `tbl_ion_groups`;
CREATE TABLE IF NOT EXISTS `tbl_ion_groups` (
  `id` mediumint(8) unsigned NOT NULL AUTO_INCREMENT,
  `name` varchar(20) NOT NULL,
  `description` varchar(100) NOT NULL,
  PRIMARY KEY (`id`)
) ENGINE=InnoDB AUTO_INCREMENT=8 DEFAULT CHARSET=utf8mb4 COLLATE=utf8mb4_general_ci;

-- Dumping data for table db_p57_kaldera.tbl_ion_groups: ~7 rows (approximately)
DELETE FROM `tbl_ion_groups`;
INSERT INTO `tbl_ion_groups` (`id`, `name`, `description`) VALUES
	(1, 'root', 'Root - Highest Level Access'),
	(2, 'superadmin', 'Super Administrator'),
	(3, 'manager', 'Manager'),
	(4, 'supervisor', 'Supervisor'),
	(5, 'kasir', 'Kasir'),
	(6, 'staff', 'Staff'),
	(7, 'anggota', 'User');

-- Dumping structure for table db_p57_kaldera.tbl_ion_login_attempts
DROP TABLE IF EXISTS `tbl_ion_login_attempts`;
CREATE TABLE IF NOT EXISTS `tbl_ion_login_attempts` (
  `id` mediumint(8) unsigned NOT NULL AUTO_INCREMENT,
  `ip_address` varchar(45) NOT NULL,
  `login` varchar(100) DEFAULT NULL,
  `time` int(11) unsigned DEFAULT NULL,
  PRIMARY KEY (`id`)
) ENGINE=InnoDB DEFAULT CHARSET=utf8mb4 COLLATE=utf8mb4_general_ci;

-- Dumping data for table db_p57_kaldera.tbl_ion_login_attempts: ~0 rows (approximately)
DELETE FROM `tbl_ion_login_attempts`;

-- Dumping structure for table db_p57_kaldera.tbl_ion_modules
DROP TABLE IF EXISTS `tbl_ion_modules`;
CREATE TABLE IF NOT EXISTS `tbl_ion_modules` (
  `id` int(11) unsigned NOT NULL AUTO_INCREMENT,
  `parent_id` int(11) NOT NULL DEFAULT 0 COMMENT 'Untuk modul dengan sub-menu',
  `name` varchar(100) NOT NULL COMMENT 'Nama modul (ex: Barang, Kategori)',
  `route` varchar(100) NOT NULL COMMENT 'ex: Master/Item',
  `icon` varchar(100) DEFAULT NULL,
  `is_menu` enum('0','1') NOT NULL DEFAULT '1' COMMENT 'tampil di sidebar',
  `is_active` enum('0','1') NOT NULL DEFAULT '1',
  `sort_order` int(11) NOT NULL DEFAULT 0,
  `default_permissions` text DEFAULT NULL COMMENT 'JSON: {"create":true,"read_all":true}',
  PRIMARY KEY (`id`)
) ENGINE=InnoDB AUTO_INCREMENT=21 DEFAULT CHARSET=utf8mb4 COLLATE=utf8mb4_general_ci;

-- Dumping data for table db_p57_kaldera.tbl_ion_modules: ~20 rows (approximately)
DELETE FROM `tbl_ion_modules`;
INSERT INTO `tbl_ion_modules` (`id`, `parent_id`, `name`, `route`, `icon`, `is_menu`, `is_active`, `sort_order`, `default_permissions`) VALUES
	(1, 0, 'Master Data', 'Master', 'fas fa-database', '1', '1', 1, '{"create":true,"read":true,"read_all":true,"update":true,"update_all":true,"delete":true,"delete_all":true,"export":true,"import":true}'),
	(2, 1, 'Item/Barang', 'Master/Item', 'fas fa-box', '1', '1', 1, '{"create":true,"read":true,"read_all":true,"update":true,"update_all":true,"delete":true,"delete_all":true,"export":true,"import":true}'),
	(3, 1, 'Kategori', 'Master/Kategori', 'fas fa-tags', '1', '1', 2, '{"create":true,"read":true,"read_all":true,"update":true,"update_all":true,"delete":true,"delete_all":true}'),
	(4, 1, 'Supplier', 'Master/Supplier', 'fas fa-truck', '1', '1', 3, '{"create":true,"read":true,"read_all":true,"update":true,"update_all":true,"delete":true,"delete_all":true}'),
	(5, 1, 'Pelanggan', 'Master/Pelanggan', 'fas fa-users', '1', '1', 4, '{"create":true,"read":true,"read_all":true,"update":true,"update_all":true,"delete":true,"delete_all":true}'),
	(6, 1, 'Karyawan', 'Master/Karyawan', 'fas fa-user-tie', '1', '1', 5, '{"create":true,"read":true,"read_all":true,"update":true,"update_all":true,"delete":true,"delete_all":true}'),
	(7, 1, 'Gudang', 'Master/Gudang', 'fas fa-warehouse', '1', '1', 6, '{"create":true,"read":true,"read_all":true,"update":true,"update_all":true,"delete":true,"delete_all":true}'),
	(8, 0, 'Transaksi', 'Transaksi', 'fas fa-exchange-alt', '1', '1', 2, '{"create":true,"read":true,"read_all":true,"update":true,"update_all":true,"delete":true,"delete_all":true,"approve":true,"reject":true}'),
	(9, 8, 'Pembelian', 'Transaksi/Pembelian', 'fas fa-shopping-cart', '1', '1', 1, '{"create":true,"read":true,"read_all":true,"update":true,"update_all":true,"delete":true,"delete_all":true,"approve":true,"reject":true}'),
	(10, 8, 'Penjualan', 'Transaksi/Penjualan', 'fas fa-cash-register', '1', '1', 2, '{"create":true,"read":true,"read_all":true,"update":true,"update_all":true,"delete":true,"delete_all":true,"approve":true,"reject":true}'),
	(11, 0, 'Gudang', 'Gudang', 'fas fa-boxes', '1', '1', 3, '{"create":true,"read":true,"read_all":true,"update":true,"update_all":true,"delete":true,"delete_all":true}'),
	(12, 11, 'Input Stok', 'Gudang/InputStok', 'fas fa-plus-square', '1', '1', 1, '{"create":true,"read":true,"read_all":true,"update":true,"update_all":true,"delete":true,"delete_all":true}'),
	(13, 11, 'Inventori', 'Gudang/Inventori', 'fas fa-clipboard-list', '1', '1', 2, '{"create":true,"read":true,"read_all":true,"update":true,"update_all":true,"delete":true,"delete_all":true,"export":true}'),
	(14, 0, 'Laporan', 'Laporan', 'fas fa-chart-bar', '1', '1', 4, '{"read":true,"read_all":true,"export":true}'),
	(15, 14, 'Laporan Outlet', 'Laporan/Outlet', 'fas fa-store', '1', '1', 1, '{"read":true,"read_all":true,"export":true}'),
	(16, 14, 'Laporan Penjualan', 'Laporan/Penjualan', 'fas fa-chart-line', '1', '1', 2, '{"read":true,"read_all":true,"export":true}'),
	(17, 0, 'Pengaturan', 'Pengaturan', 'fas fa-cog', '1', '1', 5, '{"create":true,"read":true,"read_all":true,"update":true,"update_all":true,"delete":true,"delete_all":true}'),
	(18, 17, 'Modul', 'Pengaturan/Modules', 'fas fa-puzzle-piece', '1', '1', 1, '{"create":true,"read":true,"read_all":true,"update":true,"update_all":true,"delete":true,"delete_all":true}'),
	(19, 17, 'Printer', 'Pengaturan/Printer', 'fas fa-print', '1', '1', 2, '{"create":true,"read":true,"read_all":true,"update":true,"update_all":true,"delete":true,"delete_all":true}'),
	(20, 17, 'PU Menu', 'Pengaturan/PuMenu', 'fas fa-list', '1', '1', 3, '{"create":true,"read":true,"read_all":true,"update":true,"update_all":true,"delete":true,"delete_all":true}');

-- Dumping structure for table db_p57_kaldera.tbl_ion_permissions
DROP TABLE IF EXISTS `tbl_ion_permissions`;
CREATE TABLE IF NOT EXISTS `tbl_ion_permissions` (
  `id` int(11) unsigned NOT NULL AUTO_INCREMENT,
  `module_id` int(11) unsigned NOT NULL COMMENT 'Reference to tbl_ion_modules.id',
  `action_id` int(11) unsigned NOT NULL COMMENT 'Reference to tbl_ion_actions.id',
  `group_id` int(11) unsigned DEFAULT NULL COMMENT 'Reference to groups.id (null for user-specific)',
  `user_id` int(11) unsigned DEFAULT NULL COMMENT 'Reference to users.id (null for group-specific)',
  `is_granted` enum('0','1') NOT NULL DEFAULT '1' COMMENT '1 = granted, 0 = denied',
  `created_at` datetime DEFAULT NULL,
  `updated_at` datetime DEFAULT NULL,
  PRIMARY KEY (`id`),
  KEY `module_id_action_id_group_id_user_id` (`module_id`,`action_id`,`group_id`,`user_id`),
  KEY `group_id` (`group_id`),
  KEY `user_id` (`user_id`)
) ENGINE=InnoDB DEFAULT CHARSET=utf8mb4 COLLATE=utf8mb4_general_ci;

-- Dumping data for table db_p57_kaldera.tbl_ion_permissions: ~0 rows (approximately)
DELETE FROM `tbl_ion_permissions`;

-- Dumping structure for table db_p57_kaldera.tbl_ion_users
DROP TABLE IF EXISTS `tbl_ion_users`;
CREATE TABLE IF NOT EXISTS `tbl_ion_users` (
  `id` mediumint(8) unsigned NOT NULL AUTO_INCREMENT,
  `ip_address` varchar(45) NOT NULL,
  `username` varchar(100) NOT NULL,
  `password` varchar(255) NOT NULL,
  `pin` varchar(6) DEFAULT NULL COMMENT 'PIN for additional authentication',
  `email` varchar(254) NOT NULL,
  `activation_selector` varchar(255) DEFAULT NULL,
  `activation_code` varchar(255) DEFAULT NULL,
  `forgotten_password_selector` varchar(255) DEFAULT NULL,
  `forgotten_password_code` varchar(255) DEFAULT NULL,
  `forgotten_password_time` int(11) unsigned DEFAULT NULL,
  `remember_selector` varchar(255) DEFAULT NULL,
  `remember_code` varchar(255) DEFAULT NULL,
  `created_on` int(11) unsigned NOT NULL,
  `last_login` int(11) unsigned DEFAULT NULL,
  `active` tinyint(1) unsigned DEFAULT NULL,
  `first_name` varchar(50) DEFAULT NULL,
  `last_name` varchar(50) DEFAULT NULL,
  `company` varchar(100) DEFAULT NULL,
  `phone` varchar(20) DEFAULT NULL,
  `profile` varchar(160) DEFAULT NULL,
  `tipe` enum('1','2') NOT NULL DEFAULT '1' COMMENT '1 => karyawan, 2 => anggota',
  PRIMARY KEY (`id`),
  UNIQUE KEY `email` (`email`),
  UNIQUE KEY `activation_selector` (`activation_selector`),
  UNIQUE KEY `forgotten_password_selector` (`forgotten_password_selector`),
  UNIQUE KEY `remember_selector` (`remember_selector`)
) ENGINE=InnoDB AUTO_INCREMENT=8 DEFAULT CHARSET=utf8mb4 COLLATE=utf8mb4_general_ci;

-- Dumping data for table db_p57_kaldera.tbl_ion_users: ~6 rows (approximately)
DELETE FROM `tbl_ion_users`;
INSERT INTO `tbl_ion_users` (`id`, `ip_address`, `username`, `password`, `pin`, `email`, `activation_selector`, `activation_code`, `forgotten_password_selector`, `forgotten_password_code`, `forgotten_password_time`, `remember_selector`, `remember_code`, `created_on`, `last_login`, `active`, `first_name`, `last_name`, `company`, `phone`, `profile`, `tipe`) VALUES
	(1, '127.0.0.1', 'root', '$2y$10$gQoEoZYp8Rz2iK9m.c1nZOQ3mJy53.Bb89WoV4m9/RxUTRVpY2FGW', NULL, 'root@admin.com', NULL, '', NULL, NULL, NULL, NULL, NULL, 1268889823, 1268889823, 1, 'Root', 'User', 'ADMIN', '', '', '1'),
	(2, '127.0.0.1', 'superadmin', '$2y$10$gQoEoZYp8Rz2iK9m.c1nZOQ3mJy53.Bb89WoV4m9/RxUTRVpY2FGW', '123456', 'superadmin@admin.com', NULL, '', NULL, NULL, NULL, '2942c8084f0751362e41a2492e44d8259b9fa55f', '$2y$10$BGe6ZzQfgSIeOsWT..No4.8hLoFIHtGR8QhccxPKQUiUmGQqMVE2C', 1268889823, 1758110613, 1, 'Superdamin', 'Admin', 'ADMIN', '', 'public/assets/theme/admin-lte-3/dist/img/user2-160x160.jpg', '1'),
	(3, '127.0.0.1', 'kasir', '$2y$10$gQoEoZYp8Rz2iK9m.c1nZOQ3mJy53.Bb89WoV4m9/RxUTRVpY2FGW', NULL, 'mikhaelfelian@gmail.com', NULL, NULL, NULL, NULL, NULL, '67614a634977156cb3fa385721f19bd05337913b', '$2y$10$/6253fds4sZYU0Ht7Gnr2uIeTssRMNvvNnUNgcECPu0ZYTCduDtsy', 1755310473, 1758022455, 1, 'Kasir 1', NULL, NULL, '085741220427', NULL, '1'),
	(4, '::1', 'qail437', '$2y$10$E4husGbxcx03rqofgI4a2unTM/3PXveh4uSAsKtyYikrG/5o16dhu', '123456', 'qail437@kopmensa.com', NULL, NULL, NULL, NULL, NULL, NULL, NULL, 1755316228, 1755504178, 1, 'QAILA RAMADHANI AYUNDA', NULL, NULL, '081326874740', NULL, '2'),
	(6, '::1', 'alvi131', '$2y$10$RgG3kKLpAsFpXf5BQj3eeePjnsfYPfChbdyrV8pmo9RbFadcbWHaO', NULL, 'alvi131@kopmensa.com', NULL, NULL, NULL, NULL, NULL, NULL, NULL, 1755437002, NULL, 1, 'ALVIYANA SETIOWATI', NULL, NULL, '081328109637', NULL, '2'),
	(7, '', 'UMUM', '', NULL, '', NULL, NULL, NULL, NULL, NULL, NULL, NULL, 0, NULL, NULL, NULL, NULL, NULL, NULL, NULL, '1');

-- Dumping structure for table db_p57_kaldera.tbl_ion_users_groups
DROP TABLE IF EXISTS `tbl_ion_users_groups`;
CREATE TABLE IF NOT EXISTS `tbl_ion_users_groups` (
  `id` mediumint(8) unsigned NOT NULL AUTO_INCREMENT,
  `user_id` mediumint(8) unsigned NOT NULL,
  `group_id` mediumint(8) unsigned NOT NULL,
  PRIMARY KEY (`id`),
  KEY `tbl_ion_users_groups_user_id_foreign` (`user_id`),
  KEY `tbl_ion_users_groups_group_id_foreign` (`group_id`),
  CONSTRAINT `tbl_ion_users_groups_group_id_foreign` FOREIGN KEY (`group_id`) REFERENCES `tbl_ion_groups` (`id`) ON DELETE CASCADE ON UPDATE NO ACTION,
  CONSTRAINT `tbl_ion_users_groups_user_id_foreign` FOREIGN KEY (`user_id`) REFERENCES `tbl_ion_users` (`id`) ON DELETE CASCADE ON UPDATE NO ACTION
) ENGINE=InnoDB AUTO_INCREMENT=7 DEFAULT CHARSET=utf8mb4 COLLATE=utf8mb4_general_ci;

-- Dumping data for table db_p57_kaldera.tbl_ion_users_groups: ~5 rows (approximately)
DELETE FROM `tbl_ion_users_groups`;
INSERT INTO `tbl_ion_users_groups` (`id`, `user_id`, `group_id`) VALUES
	(1, 1, 1),
	(2, 2, 2),
	(3, 3, 5),
	(4, 4, 4),
	(6, 6, 5);

-- Dumping structure for table db_p57_kaldera.tbl_pengaturan
DROP TABLE IF EXISTS `tbl_pengaturan`;
CREATE TABLE IF NOT EXISTS `tbl_pengaturan` (
  `id` int(11) unsigned NOT NULL AUTO_INCREMENT,
  `updated_at` timestamp NOT NULL DEFAULT current_timestamp() ON UPDATE current_timestamp(),
  `judul` varchar(100) DEFAULT NULL,
  `judul_app` varchar(100) DEFAULT NULL,
  `alamat` text DEFAULT NULL,
  `deskripsi` text DEFAULT NULL,
  `kota` varchar(100) DEFAULT NULL,
  `url` varchar(255) DEFAULT NULL,
  `theme` varchar(50) DEFAULT NULL,
  `pagination_limit` int(11) DEFAULT NULL,
  `favicon` varchar(255) DEFAULT NULL,
  `logo` varchar(255) DEFAULT NULL,
  `logo_header` varchar(255) DEFAULT NULL,
  `ppn` int(2) DEFAULT NULL,
  `limit` decimal(10,2) DEFAULT NULL COMMENT 'Limit pengaturan',
  PRIMARY KEY (`id`)
) ENGINE=InnoDB AUTO_INCREMENT=2 DEFAULT CHARSET=utf8mb4 COLLATE=utf8mb4_general_ci;

-- Dumping data for table db_p57_kaldera.tbl_pengaturan: ~1 rows (approximately)
DELETE FROM `tbl_pengaturan`;
INSERT INTO `tbl_pengaturan` (`id`, `updated_at`, `judul`, `judul_app`, `alamat`, `deskripsi`, `kota`, `url`, `theme`, `pagination_limit`, `favicon`, `logo`, `logo_header`, `ppn`, `limit`) VALUES
	(1, '2025-09-17 11:57:33', 'KALDERA', 'KALDERA', 'Jl. Raya No. 1', '-', 'semarang', 'http://localhost/p57-kaldera', 'quirk', 10, '', 'public/file/app/logo_only.png', 'public/file/app/logo_header.png', 11, NULL);

-- Dumping structure for table db_p57_kaldera.tbl_pengaturan_api
DROP TABLE IF EXISTS `tbl_pengaturan_api`;
CREATE TABLE IF NOT EXISTS `tbl_pengaturan_api` (
  `id` int(11) unsigned NOT NULL AUTO_INCREMENT,
  `created_at` datetime DEFAULT NULL,
  `updated_at` datetime DEFAULT NULL,
  `id_pengaturan` int(11) unsigned DEFAULT NULL,
  `nama` varchar(100) NOT NULL,
  `pub_key` text DEFAULT NULL,
  `priv_key` text DEFAULT NULL,
  `status` enum('0','1') NOT NULL DEFAULT '1',
  PRIMARY KEY (`id`),
  KEY `id_pengaturan` (`id_pengaturan`),
  CONSTRAINT `FK_pengaturan_api` FOREIGN KEY (`id_pengaturan`) REFERENCES `tbl_pengaturan` (`id`) ON DELETE CASCADE ON UPDATE CASCADE
) ENGINE=InnoDB AUTO_INCREMENT=3 DEFAULT CHARSET=utf8mb4 COLLATE=utf8mb4_general_ci COMMENT='Table untuk menyimpan pengaturan API';

-- Dumping data for table db_p57_kaldera.tbl_pengaturan_api: ~2 rows (approximately)
DELETE FROM `tbl_pengaturan_api`;
INSERT INTO `tbl_pengaturan_api` (`id`, `created_at`, `updated_at`, `id_pengaturan`, `nama`, `pub_key`, `priv_key`, `status`) VALUES
	(1, '2025-05-29 17:37:38', NULL, 1, 'Recaptcha 3', '6LfGMLMqAAAAAFiFBRqO_VRv_R9aihfNzGp7SBb1', '6LfGMLMqAAAAAPk13LbbBWB7v1aBdrjnn3CCD6nB', '1'),
	(2, '2025-05-29 17:37:38', NULL, 1, 'Chat GPT', NULL, NULL, '1');

-- Dumping structure for table db_p57_kaldera.tbl_pengaturan_theme
DROP TABLE IF EXISTS `tbl_pengaturan_theme`;
CREATE TABLE IF NOT EXISTS `tbl_pengaturan_theme` (
  `id` int(11) unsigned NOT NULL AUTO_INCREMENT,
  `id_pengaturan` int(11) unsigned DEFAULT NULL,
  `nama` varchar(50) DEFAULT NULL,
  `path` varchar(160) DEFAULT NULL,
  `status` int(11) DEFAULT 0,
  PRIMARY KEY (`id`),
  KEY `id_pengaturan` (`id_pengaturan`),
  CONSTRAINT `FK_pengaturan_theme` FOREIGN KEY (`id_pengaturan`) REFERENCES `tbl_pengaturan` (`id`) ON DELETE CASCADE ON UPDATE CASCADE
) ENGINE=InnoDB AUTO_INCREMENT=3 DEFAULT CHARSET=utf8mb4 COLLATE=utf8mb4_general_ci;

-- Dumping data for table db_p57_kaldera.tbl_pengaturan_theme: ~2 rows (approximately)
DELETE FROM `tbl_pengaturan_theme`;
INSERT INTO `tbl_pengaturan_theme` (`id`, `id_pengaturan`, `nama`, `path`, `status`) VALUES
	(1, 1, 'Quirk Admin Theme', 'quirk', 0),
	(2, 1, 'Admin LTE 3', 'admin-lte-3', 1);

-- Dumping structure for table db_p57_kaldera.tbl_sessions
DROP TABLE IF EXISTS `tbl_sessions`;
CREATE TABLE IF NOT EXISTS `tbl_sessions` (
  `id` varchar(128) NOT NULL,
  `ip_address` varchar(45) NOT NULL,
  `timestamp` int(10) unsigned NOT NULL DEFAULT 0,
  `data` blob NOT NULL,
  PRIMARY KEY (`id`),
  KEY `timestamp` (`timestamp`)
) ENGINE=InnoDB DEFAULT CHARSET=utf8mb4 COLLATE=utf8mb4_general_ci COMMENT='Table untuk menyimpan session data';

-- Dumping data for table db_p57_kaldera.tbl_sessions: ~189 rows (approximately)
DELETE FROM `tbl_sessions`;
INSERT INTO `tbl_sessions` (`id`, `ip_address`, `timestamp`, `data`) VALUES
	('kaldera_session:0edcdf6ee2161d62517be32417fc7bc5', '::1', 4294967295, _binary 0x5f5f63695f6c6173745f726567656e65726174657c693a313735383131323135363b6b616c646572615f746f6b656e7c733a33323a223639363865323831383638303530313465316637613832626438623761353233223b5f63695f70726576696f75735f75726c7c733a33383a22687474703a2f2f6c6f63616c686f73742f7035372d6b616c646572612f64617368626f617264223b6964656e746974797c733a31303a22737570657261646d696e223b757365726e616d657c733a31303a22737570657261646d696e223b656d61696c7c733a32303a22737570657261646d696e4061646d696e2e636f6d223b757365725f69647c733a313a2232223b6f6c645f6c6173745f6c6f67696e7c733a31303a2231373538303739373837223b6c6173745f636865636b7c693a313735383131303631333b5f5f63695f766172737c613a303a7b7d),
	('kaldera_session:18067a73bd5e1baf2e7d5454f6146faa', '::1', 4294967295, _binary 0x5f5f63695f6c6173745f726567656e65726174657c693a313735383131363239373b6b616c646572615f746f6b656e7c733a33323a226663613938313938303833306237386131353965376564313635643366363333223b5f63695f70726576696f75735f75726c7c733a33383a22687474703a2f2f6c6f63616c686f73742f7035372d6b616c646572612f64617368626f617264223b6964656e746974797c733a31303a22737570657261646d696e223b757365726e616d657c733a31303a22737570657261646d696e223b656d61696c7c733a32303a22737570657261646d696e4061646d696e2e636f6d223b757365725f69647c733a313a2232223b6f6c645f6c6173745f6c6f67696e7c733a31303a2231373538303739373837223b6c6173745f636865636b7c693a313735383131303631333b5f5f63695f766172737c613a303a7b7d),
	('kaldera_session:226993d415913bbbdcdc46270d513b1f', '::1', 4294967295, _binary 0x5f5f63695f6c6173745f726567656e65726174657c693a313735383137333234373b6b616c646572615f746f6b656e7c733a33323a226432373734613561353563623166326235306136313235636165333939353866223b5f63695f70726576696f75735f75726c7c733a33383a22687474703a2f2f6c6f63616c686f73742f7035372d6b616c646572612f64617368626f617264223b6964656e746974797c733a31303a22737570657261646d696e223b757365726e616d657c733a31303a22737570657261646d696e223b656d61696c7c733a32303a22737570657261646d696e4061646d696e2e636f6d223b757365725f69647c733a313a2232223b6f6c645f6c6173745f6c6f67696e7c733a31303a2231373538303739373837223b6c6173745f636865636b7c693a313735383131303631333b5f5f63695f766172737c613a303a7b7d),
	('kaldera_session:236e9efc5ae545327e45026b16e5bcb2', '::1', 4294967295, _binary 0x5f5f63695f6c6173745f726567656e65726174657c693a313735383131373038393b6b616c646572615f746f6b656e7c733a33323a226663613938313938303833306237386131353965376564313635643366363333223b5f63695f70726576696f75735f75726c7c733a33383a22687474703a2f2f6c6f63616c686f73742f7035372d6b616c646572612f64617368626f617264223b6964656e746974797c733a31303a22737570657261646d696e223b757365726e616d657c733a31303a22737570657261646d696e223b656d61696c7c733a32303a22737570657261646d696e4061646d696e2e636f6d223b757365725f69647c733a313a2232223b6f6c645f6c6173745f6c6f67696e7c733a31303a2231373538303739373837223b6c6173745f636865636b7c693a313735383131303631333b5f5f63695f766172737c613a303a7b7d),
	('kaldera_session:3d995215fd6bcdbd01a705067bf7c973', '::1', 4294967295, _binary 0x5f5f63695f6c6173745f726567656e65726174657c693a313735383137323536323b6b616c646572615f746f6b656e7c733a33323a226435333161636666653633336532613339383061386332363062656239346364223b5f63695f70726576696f75735f75726c7c733a33383a22687474703a2f2f6c6f63616c686f73742f7035372d6b616c646572612f64617368626f617264223b6964656e746974797c733a31303a22737570657261646d696e223b757365726e616d657c733a31303a22737570657261646d696e223b656d61696c7c733a32303a22737570657261646d696e4061646d696e2e636f6d223b757365725f69647c733a313a2232223b6f6c645f6c6173745f6c6f67696e7c733a31303a2231373538303739373837223b6c6173745f636865636b7c693a313735383131303631333b5f5f63695f766172737c613a303a7b7d),
	('kaldera_session:4a00f0ea8781e66ea0fada904f7e5c36', '::1', 4294967295, _binary 0x5f5f63695f6c6173745f726567656e65726174657c693a313735383135353631373b6b616c646572615f746f6b656e7c733a33323a226533316566323938366464373838666162643431343330363964306534643965223b5f63695f70726576696f75735f75726c7c733a33383a22687474703a2f2f6c6f63616c686f73742f7035372d6b616c646572612f64617368626f617264223b6964656e746974797c733a31303a22737570657261646d696e223b757365726e616d657c733a31303a22737570657261646d696e223b656d61696c7c733a32303a22737570657261646d696e4061646d696e2e636f6d223b757365725f69647c733a313a2232223b6f6c645f6c6173745f6c6f67696e7c733a31303a2231373538303739373837223b6c6173745f636865636b7c693a313735383131303631333b5f5f63695f766172737c613a303a7b7d),
	('kaldera_session:57158116333fc7fc850402c57e7fe277', '::1', 4294967295, _binary 0x5f5f63695f6c6173745f726567656e65726174657c693a313735383131313333333b6b616c646572615f746f6b656e7c733a33323a223639363865323831383638303530313465316637613832626438623761353233223b5f63695f70726576696f75735f75726c7c733a33383a22687474703a2f2f6c6f63616c686f73742f7035372d6b616c646572612f64617368626f617264223b6964656e746974797c733a31303a22737570657261646d696e223b757365726e616d657c733a31303a22737570657261646d696e223b656d61696c7c733a32303a22737570657261646d696e4061646d696e2e636f6d223b757365725f69647c733a313a2232223b6f6c645f6c6173745f6c6f67696e7c733a31303a2231373538303739373837223b6c6173745f636865636b7c693a313735383131303631333b5f5f63695f766172737c613a303a7b7d),
	('kaldera_session:587171ea830efa90558e7a7f1b5b3351', '::1', 4294967295, _binary 0x5f5f63695f6c6173745f726567656e65726174657c693a313735383132373833393b6b616c646572615f746f6b656e7c733a33323a226663613938313938303833306237386131353965376564313635643366363333223b5f63695f70726576696f75735f75726c7c733a33383a22687474703a2f2f6c6f63616c686f73742f7035372d6b616c646572612f64617368626f617264223b6964656e746974797c733a31303a22737570657261646d696e223b757365726e616d657c733a31303a22737570657261646d696e223b656d61696c7c733a32303a22737570657261646d696e4061646d696e2e636f6d223b757365725f69647c733a313a2232223b6f6c645f6c6173745f6c6f67696e7c733a31303a2231373538303739373837223b6c6173745f636865636b7c693a313735383131303631333b5f5f63695f766172737c613a303a7b7d),
	('kaldera_session:58ce5145f401dc2201e4909d694afcf3', '::1', 4294967295, _binary 0x5f5f63695f6c6173745f726567656e65726174657c693a313735383137313933353b6b616c646572615f746f6b656e7c733a33323a223562616132643637383738363761343836326563626630356233653362613039223b5f63695f70726576696f75735f75726c7c733a33383a22687474703a2f2f6c6f63616c686f73742f7035372d6b616c646572612f64617368626f617264223b6964656e746974797c733a31303a22737570657261646d696e223b757365726e616d657c733a31303a22737570657261646d696e223b656d61696c7c733a32303a22737570657261646d696e4061646d696e2e636f6d223b757365725f69647c733a313a2232223b6f6c645f6c6173745f6c6f67696e7c733a31303a2231373538303739373837223b6c6173745f636865636b7c693a313735383131303631333b5f5f63695f766172737c613a303a7b7d),
	('kaldera_session:671bf5c4309216582c6e526835d06477', '::1', 4294967295, _binary 0x5f5f63695f6c6173745f726567656e65726174657c693a313735383132343430343b6b616c646572615f746f6b656e7c733a33323a226663613938313938303833306237386131353965376564313635643366363333223b5f63695f70726576696f75735f75726c7c733a33383a22687474703a2f2f6c6f63616c686f73742f7035372d6b616c646572612f64617368626f617264223b6964656e746974797c733a31303a22737570657261646d696e223b757365726e616d657c733a31303a22737570657261646d696e223b656d61696c7c733a32303a22737570657261646d696e4061646d696e2e636f6d223b757365725f69647c733a313a2232223b6f6c645f6c6173745f6c6f67696e7c733a31303a2231373538303739373837223b6c6173745f636865636b7c693a313735383131303631333b5f5f63695f766172737c613a303a7b7d),
	('kaldera_session:910034fc6ba9fbb875c6488264dc116d', '::1', 4294967295, _binary 0x5f5f63695f6c6173745f726567656e65726174657c693a313735383131303231363b6b616c646572615f746f6b656e7c733a33323a226666353434386438643536333064383161376566353435366632386131333737223b5f63695f70726576696f75735f75726c7c733a32393a22687474703a2f2f6c6f63616c686f73742f7035372d6b616c646572612f223b),
	('kaldera_session:a32fa44a0e35723ef1e9fd42767e2414', '::1', 4294967295, _binary 0x5f5f63695f6c6173745f726567656e65726174657c693a313735383135383838333b6b616c646572615f746f6b656e7c733a33323a223562616132643637383738363761343836326563626630356233653362613039223b5f63695f70726576696f75735f75726c7c733a33383a22687474703a2f2f6c6f63616c686f73742f7035372d6b616c646572612f64617368626f617264223b6964656e746974797c733a31303a22737570657261646d696e223b757365726e616d657c733a31303a22737570657261646d696e223b656d61696c7c733a32303a22737570657261646d696e4061646d696e2e636f6d223b757365725f69647c733a313a2232223b6f6c645f6c6173745f6c6f67696e7c733a31303a2231373538303739373837223b6c6173745f636865636b7c693a313735383131303631333b),
	('kaldera_session:aea9eccb874865394470d449e2445a9d', '::1', 4294967295, _binary 0x5f5f63695f6c6173745f726567656e65726174657c693a313735383131323933383b6b616c646572615f746f6b656e7c733a33323a223639363865323831383638303530313465316637613832626438623761353233223b5f63695f70726576696f75735f75726c7c733a33383a22687474703a2f2f6c6f63616c686f73742f7035372d6b616c646572612f64617368626f617264223b6964656e746974797c733a31303a22737570657261646d696e223b757365726e616d657c733a31303a22737570657261646d696e223b656d61696c7c733a32303a22737570657261646d696e4061646d696e2e636f6d223b757365725f69647c733a313a2232223b6f6c645f6c6173745f6c6f67696e7c733a31303a2231373538303739373837223b6c6173745f636865636b7c693a313735383131303631333b5f5f63695f766172737c613a303a7b7d),
	('kaldera_session:bc9bc2417d88eece84a5c5795b260bce', '::1', 4294967295, _binary 0x5f5f63695f6c6173745f726567656e65726174657c693a313735383137333234373b6b616c646572615f746f6b656e7c733a33323a226432373734613561353563623166326235306136313235636165333939353866223b5f63695f70726576696f75735f75726c7c733a33383a22687474703a2f2f6c6f63616c686f73742f7035372d6b616c646572612f64617368626f617264223b6964656e746974797c733a31303a22737570657261646d696e223b757365726e616d657c733a31303a22737570657261646d696e223b656d61696c7c733a32303a22737570657261646d696e4061646d696e2e636f6d223b757365725f69647c733a313a2232223b6f6c645f6c6173745f6c6f67696e7c733a31303a2231373538303739373837223b6c6173745f636865636b7c693a313735383131303631333b5f5f63695f766172737c613a303a7b7d),
	('kaldera_session:c009e2b8ab9e83f51a492e89380850a9', '::1', 4294967295, _binary 0x5f5f63695f6c6173745f726567656e65726174657c693a313735383133333230363b6b616c646572615f746f6b656e7c733a33323a226533316566323938366464373838666162643431343330363964306534643965223b5f63695f70726576696f75735f75726c7c733a33383a22687474703a2f2f6c6f63616c686f73742f7035372d6b616c646572612f64617368626f617264223b6964656e746974797c733a31303a22737570657261646d696e223b757365726e616d657c733a31303a22737570657261646d696e223b656d61696c7c733a32303a22737570657261646d696e4061646d696e2e636f6d223b757365725f69647c733a313a2232223b6f6c645f6c6173745f6c6f67696e7c733a31303a2231373538303739373837223b6c6173745f636865636b7c693a313735383131303631333b),
	('kaldera_session:c1809877ebe1eea1df82fad3f42a3293', '::1', 4294967295, _binary 0x5f5f63695f6c6173745f726567656e65726174657c693a313735383131333536313b6b616c646572615f746f6b656e7c733a33323a223639363865323831383638303530313465316637613832626438623761353233223b5f63695f70726576696f75735f75726c7c733a33383a22687474703a2f2f6c6f63616c686f73742f7035372d6b616c646572612f64617368626f617264223b6964656e746974797c733a31303a22737570657261646d696e223b757365726e616d657c733a31303a22737570657261646d696e223b656d61696c7c733a32303a22737570657261646d696e4061646d696e2e636f6d223b757365725f69647c733a313a2232223b6f6c645f6c6173745f6c6f67696e7c733a31303a2231373538303739373837223b6c6173745f636865636b7c693a313735383131303631333b5f5f63695f766172737c613a303a7b7d),
	('kaldera_session:d4581c67cfa329f529932efb8b775a9b', '::1', 4294967295, _binary 0x5f5f63695f6c6173745f726567656e65726174657c693a313735383132333737373b6b616c646572615f746f6b656e7c733a33323a226663613938313938303833306237386131353965376564313635643366363333223b5f63695f70726576696f75735f75726c7c733a33383a22687474703a2f2f6c6f63616c686f73742f7035372d6b616c646572612f64617368626f617264223b6964656e746974797c733a31303a22737570657261646d696e223b757365726e616d657c733a31303a22737570657261646d696e223b656d61696c7c733a32303a22737570657261646d696e4061646d696e2e636f6d223b757365725f69647c733a313a2232223b6f6c645f6c6173745f6c6f67696e7c733a31303a2231373538303739373837223b6c6173745f636865636b7c693a313735383131303631333b5f5f63695f766172737c613a303a7b7d),
	('kaldera_session:df36e8062b180f7e8231ce143b2a3cc1', '::1', 4294967295, _binary 0x5f5f63695f6c6173745f726567656e65726174657c693a313735383131303631343b6b616c646572615f746f6b656e7c733a33323a223639363865323831383638303530313465316637613832626438623761353233223b5f63695f70726576696f75735f75726c7c733a32393a22687474703a2f2f6c6f63616c686f73742f7035372d6b616c646572612f223b6964656e746974797c733a31303a22737570657261646d696e223b757365726e616d657c733a31303a22737570657261646d696e223b656d61696c7c733a32303a22737570657261646d696e4061646d696e2e636f6d223b757365725f69647c733a313a2232223b6f6c645f6c6173745f6c6f67696e7c733a31303a2231373538303739373837223b6c6173745f636865636b7c693a313735383131303631333b),
	('kopmensa_session:0211ab6ae9d6933dec899c2795007569', '::1', 4294967295, _binary 0x5f5f63695f6c6173745f726567656e65726174657c693a313735383031393336333b6b6f706d656e73615f746f6b656e7c733a33323a223836313462386432366634396564353730613235653164393632646562313538223b5f63695f70726576696f75735f75726c7c733a33393a22687474703a2f2f6c6f63616c686f73742f7035342d6b6f706d656e73612f64617368626f617264223b6964656e746974797c733a31303a22737570657261646d696e223b757365726e616d657c733a31303a22737570657261646d696e223b656d61696c7c733a32303a22737570657261646d696e4061646d696e2e636f6d223b757365725f69647c733a313a2232223b6f6c645f6c6173745f6c6f67696e7c733a31303a2231373537393430393230223b6c6173745f636865636b7c693a313735373938363435303b6b617369725f73686966747c733a31353a22534832303235303931363030323031223b6b617369725f6f75746c65747c733a313a2232223b6163746976655f73686966745f69647c733a313a2234223b6163746976655f73686966745f636f64657c733a31353a22534832303235303931363030323031223b5f5f63695f766172737c613a303a7b7d),
	('kopmensa_session:033998769dd8039754304ca2cbf689d6', '::1', 4294967295, _binary 0x5f5f63695f6c6173745f726567656e65726174657c693a313735373934373831333b6b6f706d656e73615f746f6b656e7c733a33323a226537323438363061316166386439386431333566303362626432613963383233223b5f63695f70726576696f75735f75726c7c733a33393a22687474703a2f2f6c6f63616c686f73742f7035342d6b6f706d656e73612f64617368626f617264223b6964656e746974797c733a353a226b61736972223b757365726e616d657c733a353a226b61736972223b656d61696c7c733a32333a226d696b6861656c66656c69616e40676d61696c2e636f6d223b757365725f69647c733a313a2233223b6f6c645f6c6173745f6c6f67696e7c733a31303a2231373537333834313631223b6c6173745f636865636b7c693a313735373934343936313b6b617369725f73686966747c733a31353a22534832303235303931353030323032223b6163746976655f73686966745f69647c733a313a2233223b6163746976655f73686966745f636f64657c733a31353a22534832303235303931353030323032223b6b617369725f6f75746c65747c733a313a2232223b5f5f63695f766172737c613a303a7b7d),
	('kopmensa_session:04c841afc507c243130fc059fc096933', '::1', 4294967295, _binary 0x5f5f63695f6c6173745f726567656e65726174657c693a313735363934373334363b6964656e746974797c733a353a226b61736972223b757365726e616d657c733a353a226b61736972223b656d61696c7c733a32333a226d696b6861656c66656c69616e40676d61696c2e636f6d223b757365725f69647c733a313a2233223b6f6c645f6c6173745f6c6f67696e7c733a31303a2231373536393136363236223b6c6173745f636865636b7c693a313735363934363532393b),
	('kopmensa_session:0665d993eb24993708c087defec63b3a', '::1', 4294967295, _binary 0x5f5f63695f6c6173745f726567656e65726174657c693a313735373536373932313b6b6f706d656e73615f746f6b656e7c733a33323a226162663138366530356262353033323136323563623737343864383462356665223b5f63695f70726576696f75735f75726c7c733a33393a22687474703a2f2f6c6f63616c686f73742f7035342d6b6f706d656e73612f64617368626f617264223b6964656e746974797c733a31303a22737570657261646d696e223b757365726e616d657c733a31303a22737570657261646d696e223b656d61696c7c733a32303a22737570657261646d696e4061646d696e2e636f6d223b757365725f69647c733a313a2232223b6f6c645f6c6173745f6c6f67696e7c733a31303a2231373537303532343730223b6c6173745f636865636b7c693a313735373536333735343b5f5f63695f766172737c613a303a7b7d),
	('kopmensa_session:06b7c87bf9fff47cae6d303b740d3388', '::1', 4294967295, _binary 0x5f5f63695f6c6173745f726567656e65726174657c693a313735373634343139393b6b6f706d656e73615f746f6b656e7c733a33323a226537373537313464666339393739633236343131653661616632623065343532223b5f63695f70726576696f75735f75726c7c733a33393a22687474703a2f2f6c6f63616c686f73742f7035342d6b6f706d656e73612f64617368626f617264223b6964656e746974797c733a31303a22737570657261646d696e223b757365726e616d657c733a31303a22737570657261646d696e223b656d61696c7c733a32303a22737570657261646d696e4061646d696e2e636f6d223b757365725f69647c733a313a2232223b6f6c645f6c6173745f6c6f67696e7c733a31303a2231373537363037363238223b6c6173745f636865636b7c693a313735373633393538363b),
	('kopmensa_session:06e5af6c2b3c9cd8a5841ec54befd954', '::1', 4294967295, _binary 0x5f5f63695f6c6173745f726567656e65726174657c693a313735373633393538363b6b6f706d656e73615f746f6b656e7c733a33323a226465646565623066353238666565323466376264623763323337343839353566223b5f63695f70726576696f75735f75726c7c733a33303a22687474703a2f2f6c6f63616c686f73742f7035342d6b6f706d656e73612f223b6964656e746974797c733a31303a22737570657261646d696e223b757365726e616d657c733a31303a22737570657261646d696e223b656d61696c7c733a32303a22737570657261646d696e4061646d696e2e636f6d223b757365725f69647c733a313a2232223b6f6c645f6c6173745f6c6f67696e7c733a31303a2231373537363037363238223b6c6173745f636865636b7c693a313735373633393538363b),
	('kopmensa_session:09144d1aaa279305c5cac9edf4396d96', '::1', 4294967295, _binary 0x5f5f63695f6c6173745f726567656e65726174657c693a313735373634333539333b6b6f706d656e73615f746f6b656e7c733a33323a226233333830663437393234626233613566633337333561343832326464313066223b5f63695f70726576696f75735f75726c7c733a33393a22687474703a2f2f6c6f63616c686f73742f7035342d6b6f706d656e73612f64617368626f617264223b6964656e746974797c733a31303a22737570657261646d696e223b757365726e616d657c733a31303a22737570657261646d696e223b656d61696c7c733a32303a22737570657261646d696e4061646d696e2e636f6d223b757365725f69647c733a313a2232223b6f6c645f6c6173745f6c6f67696e7c733a31303a2231373537363037363238223b6c6173745f636865636b7c693a313735373633393538363b5f5f63695f766172737c613a303a7b7d),
	('kopmensa_session:0a650e735b859879b67c01d4bf97d7b8', '::1', 4294967295, _binary 0x5f5f63695f6c6173745f726567656e65726174657c693a313735363934373334363b6964656e746974797c733a353a226b61736972223b757365726e616d657c733a353a226b61736972223b656d61696c7c733a32333a226d696b6861656c66656c69616e40676d61696c2e636f6d223b757365725f69647c733a313a2233223b6f6c645f6c6173745f6c6f67696e7c733a31303a2231373536393136363236223b6c6173745f636865636b7c693a313735363934363532393b),
	('kopmensa_session:0b6244cd09807aa2ae0a9c25a11407fe', '::1', 4294967295, _binary 0x5f5f63695f6c6173745f726567656e65726174657c693a313735383032313937373b6b6f706d656e73615f746f6b656e7c733a33323a226161383031356630313263323331373161333333666165363937356639643164223b5f63695f70726576696f75735f75726c7c733a33303a22687474703a2f2f6c6f63616c686f73742f7035342d6b6f706d656e73612f223b6964656e746974797c733a353a226b61736972223b757365726e616d657c733a353a226b61736972223b656d61696c7c733a32333a226d696b6861656c66656c69616e40676d61696c2e636f6d223b757365725f69647c733a313a2233223b6f6c645f6c6173745f6c6f67696e7c733a31303a2231373538303138343533223b6c6173745f636865636b7c693a313735383032313937373b),
	('kopmensa_session:0e25ac7364300fbfd5d5c3092b15f2ef', '::1', 4294967295, _binary 0x5f5f63695f6c6173745f726567656e65726174657c693a313735363532353936383b6b6f706d656e73615f746f6b656e7c733a33323a223661336234383434613735656261336562333562646336336234353332633336223b5f63695f70726576696f75735f75726c7c733a33393a22687474703a2f2f6c6f63616c686f73742f7035342d6b6f706d656e73612f64617368626f617264223b6964656e746974797c733a353a226b61736972223b757365726e616d657c733a353a226b61736972223b656d61696c7c733a32333a226d696b6861656c66656c69616e40676d61696c2e636f6d223b757365725f69647c733a313a2233223b6f6c645f6c6173745f6c6f67696e7c733a31303a2231373536343837313631223b6c6173745f636865636b7c693a313735363532303339343b6b617369725f6f75746c65747c733a313a2232223b6b617369725f6f75746c65745f6e616d657c733a31313a22506f6a6f6b205365647568223b6b617369725f73686966747c693a343b6163746976655f73686966745f69647c733a313a2234223b6163746976655f73686966745f636f64657c733a31353a22534832303235303833303030323031223b5f5f63695f766172737c613a303a7b7d),
	('kopmensa_session:0e515a7c96140acd6e77618b4634110d', '::1', 4294967295, _binary 0x5f5f63695f6c6173745f726567656e65726174657c693a313735363533333031353b6b6f706d656e73615f746f6b656e7c733a33323a223533666237333531323865303162336136333238646337616164613861383066223b5f63695f70726576696f75735f75726c7c733a33393a22687474703a2f2f6c6f63616c686f73742f7035342d6b6f706d656e73612f64617368626f617264223b6964656e746974797c733a31303a22737570657261646d696e223b757365726e616d657c733a31303a22737570657261646d696e223b656d61696c7c733a32303a22737570657261646d696e4061646d696e2e636f6d223b757365725f69647c733a313a2232223b6f6c645f6c6173745f6c6f67696e7c733a31303a2231373536343838303835223b6c6173745f636865636b7c693a313735363532303238343b5f5f63695f766172737c613a303a7b7d),
	('kopmensa_session:10d12ca30e9f2ecdbabec30e41265a57', '::1', 4294967295, _binary 0x5f5f63695f6c6173745f726567656e65726174657c693a313735363439303533343b6b6f706d656e73615f746f6b656e7c733a33323a226632376331626436626131623035626236366433303565386466316466366161223b5f63695f70726576696f75735f75726c7c733a33393a22687474703a2f2f6c6f63616c686f73742f7035342d6b6f706d656e73612f64617368626f617264223b6964656e746974797c733a31303a22737570657261646d696e223b757365726e616d657c733a31303a22737570657261646d696e223b656d61696c7c733a32303a22737570657261646d696e4061646d696e2e636f6d223b757365725f69647c733a313a2232223b6f6c645f6c6173745f6c6f67696e7c733a31303a2231373536343830313631223b6c6173745f636865636b7c693a313735363438383038353b5f5f63695f766172737c613a303a7b7d),
	('kopmensa_session:11ec29266c8a7364fa6bb0141d609ad5', '::1', 4294967295, _binary 0x5f5f63695f6c6173745f726567656e65726174657c693a313735373938373238323b6b6f706d656e73615f746f6b656e7c733a33323a226339303166393436356530366438656264636162636130393537353739313233223b5f63695f70726576696f75735f75726c7c733a33393a22687474703a2f2f6c6f63616c686f73742f7035342d6b6f706d656e73612f64617368626f617264223b6964656e746974797c733a31303a22737570657261646d696e223b757365726e616d657c733a31303a22737570657261646d696e223b656d61696c7c733a32303a22737570657261646d696e4061646d696e2e636f6d223b757365725f69647c733a313a2232223b6f6c645f6c6173745f6c6f67696e7c733a31303a2231373537393430393230223b6c6173745f636865636b7c693a313735373938363435303b5f5f63695f766172737c613a303a7b7d),
	('kopmensa_session:1236e7ae1e6439a0f4119a4f90b69396', '::1', 4294967295, _binary 0x5f5f63695f6c6173745f726567656e65726174657c693a313735363533323130383b6b6f706d656e73615f746f6b656e7c733a33323a223866666536303933393236613231656332303936346236363230343732386532223b5f63695f70726576696f75735f75726c7c733a33393a22687474703a2f2f6c6f63616c686f73742f7035342d6b6f706d656e73612f64617368626f617264223b6964656e746974797c733a353a226b61736972223b757365726e616d657c733a353a226b61736972223b656d61696c7c733a32333a226d696b6861656c66656c69616e40676d61696c2e636f6d223b757365725f69647c733a313a2233223b6f6c645f6c6173745f6c6f67696e7c733a31303a2231373536353230333934223b6c6173745f636865636b7c693a313735363532393538353b6b617369725f6f75746c65747c733a313a2232223b6b617369725f6f75746c65745f6e616d657c733a31313a22506f6a6f6b205365647568223b6163746976655f73686966745f69647c733a313a2236223b6163746976655f73686966745f636f64657c733a31353a22534832303235303833303030323033223b6b617369725f73686966747c693a363b),
	('kopmensa_session:13426727022730831d1114060c0db350', '::1', 4294967295, _binary 0x5f5f63695f6c6173745f726567656e65726174657c693a313735363532323439353b6b6f706d656e73615f746f6b656e7c733a33323a223034653366373739373139643866353634326165326530303763306364613062223b5f63695f70726576696f75735f75726c7c733a33393a22687474703a2f2f6c6f63616c686f73742f7035342d6b6f706d656e73612f64617368626f617264223b6964656e746974797c733a353a226b61736972223b757365726e616d657c733a353a226b61736972223b656d61696c7c733a32333a226d696b6861656c66656c69616e40676d61696c2e636f6d223b757365725f69647c733a313a2233223b6f6c645f6c6173745f6c6f67696e7c733a31303a2231373536343837313631223b6c6173745f636865636b7c693a313735363532303339343b6b617369725f6f75746c65747c733a313a2232223b6b617369725f6f75746c65745f6e616d657c733a31313a22506f6a6f6b205365647568223b6b617369725f73686966747c693a343b6163746976655f73686966745f69647c733a313a2234223b6163746976655f73686966745f636f64657c733a31353a22534832303235303833303030323031223b),
	('kopmensa_session:13a77eb3f95af0ebfff376f0841b6cc4', '::1', 4294967295, _binary 0x5f5f63695f6c6173745f726567656e65726174657c693a313735363532363632353b6b6f706d656e73615f746f6b656e7c733a33323a223661336234383434613735656261336562333562646336336234353332633336223b5f63695f70726576696f75735f75726c7c733a33393a22687474703a2f2f6c6f63616c686f73742f7035342d6b6f706d656e73612f64617368626f617264223b6964656e746974797c733a353a226b61736972223b757365726e616d657c733a353a226b61736972223b656d61696c7c733a32333a226d696b6861656c66656c69616e40676d61696c2e636f6d223b757365725f69647c733a313a2233223b6f6c645f6c6173745f6c6f67696e7c733a31303a2231373536343837313631223b6c6173745f636865636b7c693a313735363532303339343b6b617369725f6f75746c65747c733a313a2232223b6b617369725f6f75746c65745f6e616d657c733a31313a22506f6a6f6b205365647568223b6b617369725f73686966747c693a343b6163746976655f73686966745f69647c733a313a2234223b6163746976655f73686966745f636f64657c733a31353a22534832303235303833303030323031223b),
	('kopmensa_session:1452f8e45c547b39c9b2bcd128184f94', '::1', 4294967295, _binary 0x5f5f63695f6c6173745f726567656e65726174657c693a313735373038373337343b6b6f706d656e73615f746f6b656e7c733a33323a223038653539306533666135373365353533393631373737366161343637646663223b5f63695f70726576696f75735f75726c7c733a33393a22687474703a2f2f6c6f63616c686f73742f7035342d6b6f706d656e73612f64617368626f617264223b6964656e746974797c733a31303a22737570657261646d696e223b757365726e616d657c733a31303a22737570657261646d696e223b656d61696c7c733a32303a22737570657261646d696e4061646d696e2e636f6d223b757365725f69647c733a313a2232223b6f6c645f6c6173745f6c6f67696e7c733a31303a2231373536393034303239223b6c6173745f636865636b7c693a313735373035323437303b5f5f63695f766172737c613a303a7b7d),
	('kopmensa_session:173162ad2ebe9419812bd0904266566b', '::1', 4294967295, _binary 0x5f5f63695f6c6173745f726567656e65726174657c693a313735383033313239343b6b6f706d656e73615f746f6b656e7c733a33323a223434336432346236356164373663373563346662323930373763636666366432223b5f63695f70726576696f75735f75726c7c733a33393a22687474703a2f2f6c6f63616c686f73742f7035342d6b6f706d656e73612f64617368626f617264223b6964656e746974797c733a353a226b61736972223b757365726e616d657c733a353a226b61736972223b656d61696c7c733a32333a226d696b6861656c66656c69616e40676d61696c2e636f6d223b757365725f69647c733a313a2233223b6f6c645f6c6173745f6c6f67696e7c733a31303a2231373538303232343131223b6c6173745f636865636b7c693a313735383032323435353b6b617369725f6f75746c65747c733a313a2232223b6b617369725f6f75746c65745f6e616d657c733a31313a22506f6a6f6b205365647568223b6b617369725f73686966747c733a31353a22534832303235303931363030323032223b6163746976655f73686966745f69647c733a313a2236223b6163746976655f73686966745f636f64657c733a31353a22534832303235303931363030323032223b5f5f63695f766172737c613a303a7b7d),
	('kopmensa_session:17d94eff86ad910c33735e432626f45f', '::1', 4294967295, _binary 0x5f5f63695f6c6173745f726567656e65726174657c693a313735363931313538333b6964656e746974797c733a353a226b61736972223b757365726e616d657c733a353a226b61736972223b656d61696c7c733a32333a226d696b6861656c66656c69616e40676d61696c2e636f6d223b757365725f69647c733a313a2233223b6f6c645f6c6173745f6c6f67696e7c733a31303a2231373536393033383533223b6c6173745f636865636b7c693a313735363930343336323b),
	('kopmensa_session:18e981e718de82a7affac65b5b622727', '::1', 4294967295, _binary 0x5f5f63695f6c6173745f726567656e65726174657c693a313735363532303238343b6b6f706d656e73615f746f6b656e7c733a33323a223762373363326535383838393936633132363730316532653662326265646363223b5f63695f70726576696f75735f75726c7c733a33303a22687474703a2f2f6c6f63616c686f73742f7035342d6b6f706d656e73612f223b6964656e746974797c733a31303a22737570657261646d696e223b757365726e616d657c733a31303a22737570657261646d696e223b656d61696c7c733a32303a22737570657261646d696e4061646d696e2e636f6d223b757365725f69647c733a313a2232223b6f6c645f6c6173745f6c6f67696e7c733a31303a2231373536343838303835223b6c6173745f636865636b7c693a313735363532303238343b),
	('kopmensa_session:19f0260365ab4cfba0d4c514d186c73f', '::1', 4294967295, _binary 0x5f5f63695f6c6173745f726567656e65726174657c693a313735373036343330333b6b6f706d656e73615f746f6b656e7c733a33323a223038653539306533666135373365353533393631373737366161343637646663223b5f63695f70726576696f75735f75726c7c733a33393a22687474703a2f2f6c6f63616c686f73742f7035342d6b6f706d656e73612f64617368626f617264223b6964656e746974797c733a31303a22737570657261646d696e223b757365726e616d657c733a31303a22737570657261646d696e223b656d61696c7c733a32303a22737570657261646d696e4061646d696e2e636f6d223b757365725f69647c733a313a2232223b6f6c645f6c6173745f6c6f67696e7c733a31303a2231373536393034303239223b6c6173745f636865636b7c693a313735373035323437303b5f5f63695f766172737c613a303a7b7d),
	('kopmensa_session:1a0c090c5de57bae9f07756332c636ed', '::1', 4294967295, _binary 0x5f5f63695f6c6173745f726567656e65726174657c693a313735363833343438393b6b6f706d656e73615f746f6b656e7c733a33323a226662626663623835363262663233643864306132393338613439326664643235223b5f63695f70726576696f75735f75726c7c733a33393a22687474703a2f2f6c6f63616c686f73742f7035342d6b6f706d656e73612f64617368626f617264223b6964656e746974797c733a31303a22737570657261646d696e223b757365726e616d657c733a31303a22737570657261646d696e223b656d61696c7c733a32303a22737570657261646d696e4061646d696e2e636f6d223b757365725f69647c733a313a2232223b6f6c645f6c6173745f6c6f67696e7c733a31303a2231373536373336303330223b6c6173745f636865636b7c693a313735363833343438393b),
	('kopmensa_session:1c3a0206141d5acaaeae81907cff329b', '::1', 4294967295, _binary 0x5f5f63695f6c6173745f726567656e65726174657c693a313735363533323330373b6b6f706d656e73615f746f6b656e7c733a33323a223533666237333531323865303162336136333238646337616164613861383066223b5f63695f70726576696f75735f75726c7c733a33393a22687474703a2f2f6c6f63616c686f73742f7035342d6b6f706d656e73612f64617368626f617264223b6964656e746974797c733a31303a22737570657261646d696e223b757365726e616d657c733a31303a22737570657261646d696e223b656d61696c7c733a32303a22737570657261646d696e4061646d696e2e636f6d223b757365725f69647c733a313a2232223b6f6c645f6c6173745f6c6f67696e7c733a31303a2231373536343838303835223b6c6173745f636865636b7c693a313735363532303238343b5f5f63695f766172737c613a303a7b7d),
	('kopmensa_session:1c8f51e20b2bba3607e22158425a8e5d', '::1', 4294967295, _binary 0x5f5f63695f6c6173745f726567656e65726174657c693a313735373934373131343b6b6f706d656e73615f746f6b656e7c733a33323a226461643630336637316337373962613563626239396162313736633163393434223b5f63695f70726576696f75735f75726c7c733a33393a22687474703a2f2f6c6f63616c686f73742f7035342d6b6f706d656e73612f64617368626f617264223b6964656e746974797c733a31303a22737570657261646d696e223b757365726e616d657c733a31303a22737570657261646d696e223b656d61696c7c733a32303a22737570657261646d696e4061646d696e2e636f6d223b757365725f69647c733a313a2232223b6f6c645f6c6173745f6c6f67696e7c733a31303a2231373537363339353836223b6c6173745f636865636b7c693a313735373934303932303b5f5f63695f766172737c613a303a7b7d),
	('kopmensa_session:1d33e6a5c3a2d73c1f5863310425ef2d', '::1', 4294967295, _binary 0x5f5f63695f6c6173745f726567656e65726174657c693a313735373938393639323b6b6f706d656e73615f746f6b656e7c733a33323a226339303166393436356530366438656264636162636130393537353739313233223b5f63695f70726576696f75735f75726c7c733a33393a22687474703a2f2f6c6f63616c686f73742f7035342d6b6f706d656e73612f64617368626f617264223b6964656e746974797c733a31303a22737570657261646d696e223b757365726e616d657c733a31303a22737570657261646d696e223b656d61696c7c733a32303a22737570657261646d696e4061646d696e2e636f6d223b757365725f69647c733a313a2232223b6f6c645f6c6173745f6c6f67696e7c733a31303a2231373537393430393230223b6c6173745f636865636b7c693a313735373938363435303b5f5f63695f766172737c613a303a7b7d),
	('kopmensa_session:1e588b181d056ad8f7b0f290f7884776', '::1', 4294967295, _binary 0x5f5f63695f6c6173745f726567656e65726174657c693a313735383032333635363b6b6f706d656e73615f746f6b656e7c733a33323a226330303330346565306236363639666461373738666534613436373530313565223b5f63695f70726576696f75735f75726c7c733a33393a22687474703a2f2f6c6f63616c686f73742f7035342d6b6f706d656e73612f64617368626f617264223b6964656e746974797c733a31303a22737570657261646d696e223b757365726e616d657c733a31303a22737570657261646d696e223b656d61696c7c733a32303a22737570657261646d696e4061646d696e2e636f6d223b757365725f69647c733a313a2232223b6f6c645f6c6173745f6c6f67696e7c733a31303a2231373537393430393230223b6c6173745f636865636b7c693a313735373938363435303b6b617369725f73686966747c733a31353a22534832303235303931363030323031223b6b617369725f6f75746c65747c733a313a2232223b6163746976655f73686966745f69647c733a313a2234223b6163746976655f73686966745f636f64657c733a31353a22534832303235303931363030323031223b5f5f63695f766172737c613a303a7b7d),
	('kopmensa_session:1f0f22c614b44c3805c065c5af3cd697', '::1', 4294967295, _binary 0x5f5f63695f6c6173745f726567656e65726174657c693a313735373939303336333b6b6f706d656e73615f746f6b656e7c733a33323a223631636161303062333565653765363031373664316634333330316432313631223b5f63695f70726576696f75735f75726c7c733a35313a22687474703a2f2f6c6f63616c686f73742f7035342d6b6f706d656e73612f677564616e672f6f706e616d652f696e7075742f36223b6964656e746974797c733a31303a22737570657261646d696e223b757365726e616d657c733a31303a22737570657261646d696e223b656d61696c7c733a32303a22737570657261646d696e4061646d696e2e636f6d223b757365725f69647c733a313a2232223b6f6c645f6c6173745f6c6f67696e7c733a31303a2231373537393430393230223b6c6173745f636865636b7c693a313735373938363435303b6b617369725f73686966747c733a31353a22534832303235303931363030323031223b6b617369725f6f75746c65747c733a313a2232223b6163746976655f73686966745f69647c733a313a2234223b6163746976655f73686966745f636f64657c733a31353a22534832303235303931363030323031223b),
	('kopmensa_session:21084cec6ab9216649462f07963b78c3', '::1', 4294967295, _binary 0x5f5f63695f6c6173745f726567656e65726174657c693a313735363931323538383b6964656e746974797c733a353a226b61736972223b757365726e616d657c733a353a226b61736972223b656d61696c7c733a32333a226d696b6861656c66656c69616e40676d61696c2e636f6d223b757365725f69647c733a313a2233223b6f6c645f6c6173745f6c6f67696e7c733a31303a2231373536393131353833223b6c6173745f636865636b7c693a313735363931323538383b),
	('kopmensa_session:21b242063a6963c4cf562a8398125c9a', '::1', 4294967295, _binary 0x5f5f63695f6c6173745f726567656e65726174657c693a313735373934383536373b6b6f706d656e73615f746f6b656e7c733a33323a223366666333333438373562306430353533396235343961396337633437303730223b5f63695f70726576696f75735f75726c7c733a33393a22687474703a2f2f6c6f63616c686f73742f7035342d6b6f706d656e73612f64617368626f617264223b6964656e746974797c733a31303a22737570657261646d696e223b757365726e616d657c733a31303a22737570657261646d696e223b656d61696c7c733a32303a22737570657261646d696e4061646d696e2e636f6d223b757365725f69647c733a313a2232223b6f6c645f6c6173745f6c6f67696e7c733a31303a2231373537363339353836223b6c6173745f636865636b7c693a313735373934303932303b5f5f63695f766172737c613a303a7b7d),
	('kopmensa_session:21e253f7e839185751ea49cbff829f3f', '::1', 4294967295, _binary 0x5f5f63695f6c6173745f726567656e65726174657c693a313735373934393237343b6964656e746974797c733a353a226b61736972223b757365726e616d657c733a353a226b61736972223b656d61696c7c733a32333a226d696b6861656c66656c69616e40676d61696c2e636f6d223b757365725f69647c733a313a2233223b6f6c645f6c6173745f6c6f67696e7c733a31303a2231373537393436323431223b6c6173745f636865636b7c693a313735373934363439303b),
	('kopmensa_session:227703773d8c9a89a5fa3e9cea709180', '::1', 4294967295, _binary 0x5f5f63695f6c6173745f726567656e65726174657c693a313735383032373334303b6b6f706d656e73615f746f6b656e7c733a33323a226137633064393038303832646539303838373433656639663734383632386466223b5f63695f70726576696f75735f75726c7c733a33393a22687474703a2f2f6c6f63616c686f73742f7035342d6b6f706d656e73612f64617368626f617264223b6964656e746974797c733a353a226b61736972223b757365726e616d657c733a353a226b61736972223b656d61696c7c733a32333a226d696b6861656c66656c69616e40676d61696c2e636f6d223b757365725f69647c733a313a2233223b6f6c645f6c6173745f6c6f67696e7c733a31303a2231373538303232343131223b6c6173745f636865636b7c693a313735383032323435353b6b617369725f6f75746c65747c733a313a2232223b6b617369725f6f75746c65745f6e616d657c733a31313a22506f6a6f6b205365647568223b6b617369725f73686966747c733a31353a22534832303235303931363030323031223b6163746976655f73686966745f69647c733a313a2235223b6163746976655f73686966745f636f64657c733a31353a22534832303235303931363030323031223b5f5f63695f766172737c613a303a7b7d),
	('kopmensa_session:22d5da61a11b1f1eec854fbb664cefe4', '::1', 4294967295, _binary 0x5f5f63695f6c6173745f726567656e65726174657c693a313735373639353537373b6b6f706d656e73615f746f6b656e7c733a33323a226461353436343932356566393234336430636337623935656337313430626134223b5f63695f70726576696f75735f75726c7c733a33303a22687474703a2f2f6c6f63616c686f73742f7035342d6b6f706d656e73612f223b),
	('kopmensa_session:2421d919196ae341c63d90f9f2235691', '::1', 4294967295, _binary 0x5f5f63695f6c6173745f726567656e65726174657c693a313735383032303433383b6b6f706d656e73615f746f6b656e7c733a33323a226662346161623561363935353962386634373437323562386639353637636536223b5f63695f70726576696f75735f75726c7c733a33393a22687474703a2f2f6c6f63616c686f73742f7035342d6b6f706d656e73612f64617368626f617264223b6964656e746974797c733a353a226b61736972223b757365726e616d657c733a353a226b61736972223b656d61696c7c733a32333a226d696b6861656c66656c69616e40676d61696c2e636f6d223b757365725f69647c733a313a2233223b6f6c645f6c6173745f6c6f67696e7c733a31303a2231373537393439323734223b6c6173745f636865636b7c693a313735383031383435333b5f5f63695f766172737c613a303a7b7d),
	('kopmensa_session:248e70c33f63404c90046db59d17561c', '::1', 4294967295, _binary 0x5f5f63695f6c6173745f726567656e65726174657c693a313735363839393339323b6964656e746974797c733a353a226b61736972223b757365726e616d657c733a353a226b61736972223b656d61696c7c733a32333a226d696b6861656c66656c69616e40676d61696c2e636f6d223b757365725f69647c733a313a2233223b6f6c645f6c6173745f6c6f67696e7c733a31303a2231373536373336303735223b6c6173745f636865636b7c693a313735363839393339323b),
	('kopmensa_session:24f1a3b85757e6e26ce61457984cce0d', '::1', 4294967295, _binary 0x5f5f63695f6c6173745f726567656e65726174657c693a313735363532313535313b6b6f706d656e73615f746f6b656e7c733a33323a226666653230663638396436356336666633366633343139393837333162623235223b5f63695f70726576696f75735f75726c7c733a33393a22687474703a2f2f6c6f63616c686f73742f7035342d6b6f706d656e73612f64617368626f617264223b6964656e746974797c733a31303a22737570657261646d696e223b757365726e616d657c733a31303a22737570657261646d696e223b656d61696c7c733a32303a22737570657261646d696e4061646d696e2e636f6d223b757365725f69647c733a313a2232223b6f6c645f6c6173745f6c6f67696e7c733a31303a2231373536343838303835223b6c6173745f636865636b7c693a313735363532303238343b5f5f63695f766172737c613a303a7b7d),
	('kopmensa_session:25813a444981454c6e8f25e2721c6ce9', '::1', 4294967295, _binary 0x5f5f63695f6c6173745f726567656e65726174657c693a313735363438383639323b6b6f706d656e73615f746f6b656e7c733a33323a223736663661316638303331306632633331626438643131393031643166663731223b5f63695f70726576696f75735f75726c7c733a34303a22687474703a2f2f6c6f63616c686f73742f7035342d6b6f706d656e73612f686f6d652f7465737432223b6964656e746974797c733a31303a22737570657261646d696e223b757365726e616d657c733a31303a22737570657261646d696e223b656d61696c7c733a32303a22737570657261646d696e4061646d696e2e636f6d223b757365725f69647c733a313a2232223b6f6c645f6c6173745f6c6f67696e7c733a31303a2231373536343830313631223b6c6173745f636865636b7c693a313735363438383038353b),
	('kopmensa_session:2696d683f71b87f299d65f3cb802fcab', '::1', 4294967295, _binary 0x5f5f63695f6c6173745f726567656e65726174657c693a313735363532333535343b6b6f706d656e73615f746f6b656e7c733a33323a226666653230663638396436356336666633366633343139393837333162623235223b5f63695f70726576696f75735f75726c7c733a33393a22687474703a2f2f6c6f63616c686f73742f7035342d6b6f706d656e73612f64617368626f617264223b6964656e746974797c733a31303a22737570657261646d696e223b757365726e616d657c733a31303a22737570657261646d696e223b656d61696c7c733a32303a22737570657261646d696e4061646d696e2e636f6d223b757365725f69647c733a313a2232223b6f6c645f6c6173745f6c6f67696e7c733a31303a2231373536343838303835223b6c6173745f636865636b7c693a313735363532303238343b5f5f63695f766172737c613a303a7b7d),
	('kopmensa_session:27443be8eeb593e0c0ff249769add454', '::1', 4294967295, _binary 0x5f5f63695f6c6173745f726567656e65726174657c693a313735383032313937373b6b6f706d656e73615f746f6b656e7c733a33323a223862646263303637646162646436303263393930336136653833306534313766223b5f63695f70726576696f75735f75726c7c733a33393a22687474703a2f2f6c6f63616c686f73742f7035342d6b6f706d656e73612f64617368626f617264223b6964656e746974797c733a353a226b61736972223b757365726e616d657c733a353a226b61736972223b656d61696c7c733a32333a226d696b6861656c66656c69616e40676d61696c2e636f6d223b757365725f69647c733a313a2233223b6f6c645f6c6173745f6c6f67696e7c733a31303a2231373538303138343533223b6c6173745f636865636b7c693a313735383032313937373b6b617369725f73686966747c693a343b6b617369725f6f75746c65747c733a313a2233223b5f5f63695f766172737c613a303a7b7d),
	('kopmensa_session:286c7897c03d87710d3c29537501ce44', '::1', 4294967295, _binary 0x5f5f63695f6c6173745f726567656e65726174657c693a313735363733363037353b6b6f706d656e73615f746f6b656e7c733a33323a223537393734363438303566353635643934306631616537393534336464393337223b5f63695f70726576696f75735f75726c7c733a33303a22687474703a2f2f6c6f63616c686f73742f7035342d6b6f706d656e73612f223b6964656e746974797c733a353a226b61736972223b757365726e616d657c733a353a226b61736972223b656d61696c7c733a32333a226d696b6861656c66656c69616e40676d61696c2e636f6d223b757365725f69647c733a313a2233223b6f6c645f6c6173745f6c6f67696e7c733a31303a2231373536373334313932223b6c6173745f636865636b7c693a313735363733363037353b),
	('kopmensa_session:299613417997d8c698d2e321b7802b2c', '::1', 4294967295, _binary 0x5f5f63695f6c6173745f726567656e65726174657c693a313735383032303037343b6b6f706d656e73615f746f6b656e7c733a33323a223766373037303636666365353431386635363435633863396537636137373037223b5f63695f70726576696f75735f75726c7c733a33393a22687474703a2f2f6c6f63616c686f73742f7035342d6b6f706d656e73612f64617368626f617264223b6964656e746974797c733a31303a22737570657261646d696e223b757365726e616d657c733a31303a22737570657261646d696e223b656d61696c7c733a32303a22737570657261646d696e4061646d696e2e636f6d223b757365725f69647c733a313a2232223b6f6c645f6c6173745f6c6f67696e7c733a31303a2231373537393430393230223b6c6173745f636865636b7c693a313735373938363435303b6b617369725f73686966747c733a31353a22534832303235303931363030323031223b6b617369725f6f75746c65747c733a313a2232223b6163746976655f73686966745f69647c733a313a2234223b6163746976655f73686966745f636f64657c733a31353a22534832303235303931363030323031223b5f5f63695f766172737c613a303a7b7d),
	('kopmensa_session:29fd892c7dbda43477ade157c3133b65', '::1', 4294967295, _binary 0x5f5f63695f6c6173745f726567656e65726174657c693a313735373934303932303b6b6f706d656e73615f746f6b656e7c733a33323a223261363837623932346263316438343932663234623131356633323035323837223b5f63695f70726576696f75735f75726c7c733a33303a22687474703a2f2f6c6f63616c686f73742f7035342d6b6f706d656e73612f223b6964656e746974797c733a31303a22737570657261646d696e223b757365726e616d657c733a31303a22737570657261646d696e223b656d61696c7c733a32303a22737570657261646d696e4061646d696e2e636f6d223b757365725f69647c733a313a2232223b6f6c645f6c6173745f6c6f67696e7c733a31303a2231373537363339353836223b6c6173745f636865636b7c693a313735373934303932303b),
	('kopmensa_session:2a9358e98503ea762b9adba0bf7ee4f5', '::1', 4294967295, _binary 0x5f5f63695f6c6173745f726567656e65726174657c693a313735373335333231353b6964656e746974797c733a353a226b61736972223b757365726e616d657c733a353a226b61736972223b656d61696c7c733a32333a226d696b6861656c66656c69616e40676d61696c2e636f6d223b757365725f69647c733a313a2233223b6f6c645f6c6173745f6c6f67696e7c733a31303a2231373536393436353239223b6c6173745f636865636b7c693a313735373335333231353b),
	('kopmensa_session:2acc636de4f2daed68a7d3eb2e93b7ca', '::1', 4294967295, _binary 0x5f5f63695f6c6173745f726567656e65726174657c693a313735373634343830373b6b6f706d656e73615f746f6b656e7c733a33323a226537373537313464666339393739633236343131653661616632623065343532223b5f63695f70726576696f75735f75726c7c733a33393a22687474703a2f2f6c6f63616c686f73742f7035342d6b6f706d656e73612f64617368626f617264223b6964656e746974797c733a31303a22737570657261646d696e223b757365726e616d657c733a31303a22737570657261646d696e223b656d61696c7c733a32303a22737570657261646d696e4061646d696e2e636f6d223b757365725f69647c733a313a2232223b6f6c645f6c6173745f6c6f67696e7c733a31303a2231373537363037363238223b6c6173745f636865636b7c693a313735373633393538363b5f5f63695f766172737c613a303a7b7d),
	('kopmensa_session:2b67a377781ba58d1d422df179e3b345', '::1', 4294967295, _binary 0x5f5f63695f6c6173745f726567656e65726174657c693a313735373934333137353b6b6f706d656e73615f746f6b656e7c733a33323a223936363937306665353965663662643063313030393034306330343039623063223b5f63695f70726576696f75735f75726c7c733a33393a22687474703a2f2f6c6f63616c686f73742f7035342d6b6f706d656e73612f64617368626f617264223b6964656e746974797c733a31303a22737570657261646d696e223b757365726e616d657c733a31303a22737570657261646d696e223b656d61696c7c733a32303a22737570657261646d696e4061646d696e2e636f6d223b757365725f69647c733a313a2232223b6f6c645f6c6173745f6c6f67696e7c733a31303a2231373537363339353836223b6c6173745f636865636b7c693a313735373934303932303b5f5f63695f766172737c613a303a7b7d),
	('kopmensa_session:2e189704ecda809008ab0709faf68c9e', '::1', 4294967295, _binary 0x5f5f63695f6c6173745f726567656e65726174657c693a313735383033393733333b6b6f706d656e73615f746f6b656e7c733a33323a223535343161343663643331306330643830386234373261306432303331383366223b5f63695f70726576696f75735f75726c7c733a33393a22687474703a2f2f6c6f63616c686f73742f7035342d6b6f706d656e73612f64617368626f617264223b6964656e746974797c733a31303a22737570657261646d696e223b757365726e616d657c733a31303a22737570657261646d696e223b656d61696c7c733a32303a22737570657261646d696e4061646d696e2e636f6d223b757365725f69647c733a313a2232223b6f6c645f6c6173745f6c6f67696e7c733a31303a2231373537393430393230223b6c6173745f636865636b7c693a313735373938363435303b6b617369725f73686966747c733a31353a22534832303235303931363030323031223b6b617369725f6f75746c65747c733a313a2232223b6163746976655f73686966745f69647c733a313a2234223b6163746976655f73686966745f636f64657c733a31353a22534832303235303931363030323031223b5f5f63695f766172737c613a303a7b7d),
	('kopmensa_session:2e5b4466b3b8e5ef740c340b6000ed86', '::1', 4294967295, _binary 0x5f5f63695f6c6173745f726567656e65726174657c693a313735373938363435303b6b6f706d656e73615f746f6b656e7c733a33323a226339303166393436356530366438656264636162636130393537353739313233223b5f63695f70726576696f75735f75726c7c733a33303a22687474703a2f2f6c6f63616c686f73742f7035342d6b6f706d656e73612f223b6964656e746974797c733a31303a22737570657261646d696e223b757365726e616d657c733a31303a22737570657261646d696e223b656d61696c7c733a32303a22737570657261646d696e4061646d696e2e636f6d223b757365725f69647c733a313a2232223b6f6c645f6c6173745f6c6f67696e7c733a31303a2231373537393430393230223b6c6173745f636865636b7c693a313735373938363435303b),
	('kopmensa_session:31d2f941658d07a6e272c3893760c22c', '::1', 4294967295, _binary 0x5f5f63695f6c6173745f726567656e65726174657c693a313735363733343139323b6964656e746974797c733a353a226b61736972223b757365726e616d657c733a353a226b61736972223b656d61696c7c733a32333a226d696b6861656c66656c69616e40676d61696c2e636f6d223b757365725f69647c733a313a2233223b6f6c645f6c6173745f6c6f67696e7c733a31303a2231373536373334313733223b6c6173745f636865636b7c693a313735363733343139323b),
	('kopmensa_session:31e1fb946e0d60c98117a06a369b5411', '::1', 4294967295, _binary 0x5f5f63695f6c6173745f726567656e65726174657c693a313735383031383234363b6b6f706d656e73615f746f6b656e7c733a33323a223836313462386432366634396564353730613235653164393632646562313538223b5f63695f70726576696f75735f75726c7c733a33393a22687474703a2f2f6c6f63616c686f73742f7035342d6b6f706d656e73612f64617368626f617264223b6964656e746974797c733a31303a22737570657261646d696e223b757365726e616d657c733a31303a22737570657261646d696e223b656d61696c7c733a32303a22737570657261646d696e4061646d696e2e636f6d223b757365725f69647c733a313a2232223b6f6c645f6c6173745f6c6f67696e7c733a31303a2231373537393430393230223b6c6173745f636865636b7c693a313735373938363435303b6b617369725f73686966747c733a31353a22534832303235303931363030323031223b6b617369725f6f75746c65747c733a313a2232223b6163746976655f73686966745f69647c733a313a2234223b6163746976655f73686966745f636f64657c733a31353a22534832303235303931363030323031223b5f5f63695f766172737c613a303a7b7d),
	('kopmensa_session:32a06008c36a51d7fd6e6fbd1cc437be', '::1', 4294967295, _binary 0x5f5f63695f6c6173745f726567656e65726174657c693a313735363532373331353b6b6f706d656e73615f746f6b656e7c733a33323a223335393961656561373431383233326634626463323931633135396661393532223b5f63695f70726576696f75735f75726c7c733a35333a22687474703a2f2f6c6f63616c686f73742f7035342d6b6f706d656e73612f7472616e73616b73692f726566756e642f637265617465223b6964656e746974797c733a31303a22737570657261646d696e223b757365726e616d657c733a31303a22737570657261646d696e223b656d61696c7c733a32303a22737570657261646d696e4061646d696e2e636f6d223b757365725f69647c733a313a2232223b6f6c645f6c6173745f6c6f67696e7c733a31303a2231373536343838303835223b6c6173745f636865636b7c693a313735363532303238343b5f5f63695f766172737c613a303a7b7d),
	('kopmensa_session:33405d2e2e338938b08bb4e1898410e5', '::1', 4294967295, _binary 0x5f5f63695f6c6173745f726567656e65726174657c693a313735363532303930373b6b6f706d656e73615f746f6b656e7c733a33323a223762373363326535383838393936633132363730316532653662326265646363223b5f63695f70726576696f75735f75726c7c733a33393a22687474703a2f2f6c6f63616c686f73742f7035342d6b6f706d656e73612f64617368626f617264223b6964656e746974797c733a31303a22737570657261646d696e223b757365726e616d657c733a31303a22737570657261646d696e223b656d61696c7c733a32303a22737570657261646d696e4061646d696e2e636f6d223b757365725f69647c733a313a2232223b6f6c645f6c6173745f6c6f67696e7c733a31303a2231373536343838303835223b6c6173745f636865636b7c693a313735363532303238343b5f5f63695f766172737c613a303a7b7d),
	('kopmensa_session:35a258ae810894909272e35f3a3817f1', '::1', 4294967295, _binary 0x5f5f63695f6c6173745f726567656e65726174657c693a313735383031373037323b6b6f706d656e73615f746f6b656e7c733a33323a223836313462386432366634396564353730613235653164393632646562313538223b5f63695f70726576696f75735f75726c7c733a33393a22687474703a2f2f6c6f63616c686f73742f7035342d6b6f706d656e73612f64617368626f617264223b6964656e746974797c733a31303a22737570657261646d696e223b757365726e616d657c733a31303a22737570657261646d696e223b656d61696c7c733a32303a22737570657261646d696e4061646d696e2e636f6d223b757365725f69647c733a313a2232223b6f6c645f6c6173745f6c6f67696e7c733a31303a2231373537393430393230223b6c6173745f636865636b7c693a313735373938363435303b6b617369725f73686966747c733a31353a22534832303235303931363030323031223b6b617369725f6f75746c65747c733a313a2232223b6163746976655f73686966745f69647c733a313a2234223b6163746976655f73686966745f636f64657c733a31353a22534832303235303931363030323031223b5f5f63695f766172737c613a303a7b7d),
	('kopmensa_session:36d3275e676a65aa98a8fcc7377b9970', '::1', 4294967295, _binary 0x5f5f63695f6c6173745f726567656e65726174657c693a313735363532383537373b6b6f706d656e73615f746f6b656e7c733a33323a223565346463396630333038316534656138353065363264613365333865666333223b5f63695f70726576696f75735f75726c7c733a33393a22687474703a2f2f6c6f63616c686f73742f7035342d6b6f706d656e73612f64617368626f617264223b6964656e746974797c733a31303a22737570657261646d696e223b757365726e616d657c733a31303a22737570657261646d696e223b656d61696c7c733a32303a22737570657261646d696e4061646d696e2e636f6d223b757365725f69647c733a313a2232223b6f6c645f6c6173745f6c6f67696e7c733a31303a2231373536343838303835223b6c6173745f636865636b7c693a313735363532303238343b5f5f63695f766172737c613a303a7b7d),
	('kopmensa_session:38a85bf4ec20b610ede34e14c8f98e75', '::1', 4294967295, _binary 0x5f5f63695f6c6173745f726567656e65726174657c693a313735383033313239343b6b6f706d656e73615f746f6b656e7c733a33323a223434336432346236356164373663373563346662323930373763636666366432223b5f63695f70726576696f75735f75726c7c733a33393a22687474703a2f2f6c6f63616c686f73742f7035342d6b6f706d656e73612f64617368626f617264223b6964656e746974797c733a353a226b61736972223b757365726e616d657c733a353a226b61736972223b656d61696c7c733a32333a226d696b6861656c66656c69616e40676d61696c2e636f6d223b757365725f69647c733a313a2233223b6f6c645f6c6173745f6c6f67696e7c733a31303a2231373538303232343131223b6c6173745f636865636b7c693a313735383032323435353b6b617369725f6f75746c65747c733a313a2232223b6b617369725f6f75746c65745f6e616d657c733a31313a22506f6a6f6b205365647568223b6b617369725f73686966747c733a31353a22534832303235303931363030323032223b6163746976655f73686966745f69647c733a313a2236223b6163746976655f73686966745f636f64657c733a31353a22534832303235303931363030323032223b),
	('kopmensa_session:39e21b7d36de09cca7aa78ae2c53db24', '::1', 4294967295, _binary 0x5f5f63695f6c6173745f726567656e65726174657c693a313735363532373937343b6b6f706d656e73615f746f6b656e7c733a33323a226635333164386130626362396335356639306236333966633932353462623639223b5f63695f70726576696f75735f75726c7c733a33393a22687474703a2f2f6c6f63616c686f73742f7035342d6b6f706d656e73612f64617368626f617264223b6964656e746974797c733a31303a22737570657261646d696e223b757365726e616d657c733a31303a22737570657261646d696e223b656d61696c7c733a32303a22737570657261646d696e4061646d696e2e636f6d223b757365725f69647c733a313a2232223b6f6c645f6c6173745f6c6f67696e7c733a31303a2231373536343838303835223b6c6173745f636865636b7c693a313735363532303238343b5f63695f6f6c645f696e7075747c613a323a7b733a333a22676574223b613a303a7b7d733a343a22706f7374223b613a333a7b733a31343a2269645f7472616e73616374696f6e223b733a323a223232223b733a363a22616d6f756e74223b733a363a2232342e303030223b733a363a22726561736f6e223b733a32303a227361736173617361736173617361736173617361223b7d7d5f5f63695f766172737c613a323a7b733a31333a225f63695f6f6c645f696e707574223b733a333a226e6577223b733a353a226572726f72223b733a333a226e6577223b7d6572726f727c733a3239323a22476167616c206d656d62756174207065726d696e7461616e20726566756e643a2043616e6e6f7420616464206f72207570646174652061206368696c6420726f773a206120666f726569676e206b657920636f6e73747261696e74206661696c7320286064625f7035345f6b6f706d656e7361602e6074626c5f726566756e645f7265717565737473602c20434f4e53545241494e54206074626c5f726566756e645f72657175657374735f69645f70656c616e6767616e5f666f726569676e6020464f524549474e204b455920286069645f70656c616e6767616e6029205245464552454e434553206074626c5f6d5f70656c616e6767616e6020286069646029204f4e2044454c4554452043415343414445204f4e20555044415445204341534329223b),
	('kopmensa_session:3d57d988ba19ceabb5c3e7560262b6cd', '::1', 4294967295, _binary 0x5f5f63695f6c6173745f726567656e65726174657c693a313735363733363037353b6b6f706d656e73615f746f6b656e7c733a33323a223537393734363438303566353635643934306631616537393534336464393337223b5f63695f70726576696f75735f75726c7c733a33393a22687474703a2f2f6c6f63616c686f73742f7035342d6b6f706d656e73612f64617368626f617264223b6964656e746974797c733a353a226b61736972223b757365726e616d657c733a353a226b61736972223b656d61696c7c733a32333a226d696b6861656c66656c69616e40676d61696c2e636f6d223b757365725f69647c733a313a2233223b6f6c645f6c6173745f6c6f67696e7c733a31303a2231373536373334313932223b6c6173745f636865636b7c693a313735363733363037353b6b617369725f6f75746c65747c733a313a2232223b6b617369725f6f75746c65745f6e616d657c733a31313a22506f6a6f6b205365647568223b6163746976655f73686966745f69647c733a313a2236223b6163746976655f73686966745f636f64657c733a31353a22534832303235303833303030323033223b),
	('kopmensa_session:3e4012a672e0e5a0ca6aea31ec5c5679', '::1', 4294967295, _binary 0x5f5f63695f6c6173745f726567656e65726174657c693a313735373935303233393b6b6f706d656e73615f746f6b656e7c733a33323a226537323438363061316166386439386431333566303362626432613963383233223b5f63695f70726576696f75735f75726c7c733a33393a22687474703a2f2f6c6f63616c686f73742f7035342d6b6f706d656e73612f64617368626f617264223b6964656e746974797c733a353a226b61736972223b757365726e616d657c733a353a226b61736972223b656d61696c7c733a32333a226d696b6861656c66656c69616e40676d61696c2e636f6d223b757365725f69647c733a313a2233223b6f6c645f6c6173745f6c6f67696e7c733a31303a2231373537333834313631223b6c6173745f636865636b7c693a313735373934343936313b6b617369725f73686966747c733a31353a22534832303235303931353030323032223b6163746976655f73686966745f69647c733a313a2233223b6163746976655f73686966745f636f64657c733a31353a22534832303235303931353030323032223b6b617369725f6f75746c65747c733a313a2232223b),
	('kopmensa_session:40a7e34f272a6f98a3d89285632aef24', '::1', 4294967295, _binary 0x5f5f63695f6c6173745f726567656e65726174657c693a313735383032303937353b6b6f706d656e73615f746f6b656e7c733a33323a226330303330346565306236363639666461373738666534613436373530313565223b5f63695f70726576696f75735f75726c7c733a35353a22687474703a2f2f6c6f63616c686f73742f7035342d6b6f706d656e73612f64617368626f6172642f73797374656d2d6f76657276696577223b6964656e746974797c733a31303a22737570657261646d696e223b757365726e616d657c733a31303a22737570657261646d696e223b656d61696c7c733a32303a22737570657261646d696e4061646d696e2e636f6d223b757365725f69647c733a313a2232223b6f6c645f6c6173745f6c6f67696e7c733a31303a2231373537393430393230223b6c6173745f636865636b7c693a313735373938363435303b6b617369725f73686966747c733a31353a22534832303235303931363030323031223b6b617369725f6f75746c65747c733a313a2232223b6163746976655f73686966745f69647c733a313a2234223b6163746976655f73686966745f636f64657c733a31353a22534832303235303931363030323031223b5f5f63695f766172737c613a303a7b7d),
	('kopmensa_session:4220cb01945b6bfb058571199d52492c', '::1', 4294967295, _binary 0x5f5f63695f6c6173745f726567656e65726174657c693a313735383032313632353b6b6f706d656e73615f746f6b656e7c733a33323a226330303330346565306236363639666461373738666534613436373530313565223b5f63695f70726576696f75735f75726c7c733a33393a22687474703a2f2f6c6f63616c686f73742f7035342d6b6f706d656e73612f64617368626f617264223b6964656e746974797c733a31303a22737570657261646d696e223b757365726e616d657c733a31303a22737570657261646d696e223b656d61696c7c733a32303a22737570657261646d696e4061646d696e2e636f6d223b757365725f69647c733a313a2232223b6f6c645f6c6173745f6c6f67696e7c733a31303a2231373537393430393230223b6c6173745f636865636b7c693a313735373938363435303b6b617369725f73686966747c733a31353a22534832303235303931363030323031223b6b617369725f6f75746c65747c733a313a2232223b6163746976655f73686966745f69647c733a313a2234223b6163746976655f73686966745f636f64657c733a31353a22534832303235303931363030323031223b5f5f63695f766172737c613a303a7b7d),
	('kopmensa_session:459cfecd8339f2b9c84bfd4110de6539', '::1', 4294967295, _binary 0x5f5f63695f6c6173745f726567656e65726174657c693a313735363934363532393b6964656e746974797c733a353a226b61736972223b757365726e616d657c733a353a226b61736972223b656d61696c7c733a32333a226d696b6861656c66656c69616e40676d61696c2e636f6d223b757365725f69647c733a313a2233223b6f6c645f6c6173745f6c6f67696e7c733a31303a2231373536393136363236223b6c6173745f636865636b7c693a313735363934363532393b),
	('kopmensa_session:4602178f0a4649de4ca246bfaa19ea7f', '::1', 4294967295, _binary 0x5f5f63695f6c6173745f726567656e65726174657c693a313735383031383435333b6b6f706d656e73615f746f6b656e7c733a33323a226433396163326166303863366664396134653334336337663064333736336430223b5f63695f70726576696f75735f75726c7c733a33303a22687474703a2f2f6c6f63616c686f73742f7035342d6b6f706d656e73612f223b6964656e746974797c733a353a226b61736972223b757365726e616d657c733a353a226b61736972223b656d61696c7c733a32333a226d696b6861656c66656c69616e40676d61696c2e636f6d223b757365725f69647c733a313a2233223b6f6c645f6c6173745f6c6f67696e7c733a31303a2231373537393439323734223b6c6173745f636865636b7c693a313735383031383435333b),
	('kopmensa_session:49fd449a2e4d3732f3fa121fce7e5f6d', '::1', 4294967295, _binary 0x5f5f63695f6c6173745f726567656e65726174657c693a313735383032353934323b6b6f706d656e73615f746f6b656e7c733a33323a223132336161316234316631353966613663333263656265323130376261366235223b5f63695f70726576696f75735f75726c7c733a33393a22687474703a2f2f6c6f63616c686f73742f7035342d6b6f706d656e73612f64617368626f617264223b6964656e746974797c733a31303a22737570657261646d696e223b757365726e616d657c733a31303a22737570657261646d696e223b656d61696c7c733a32303a22737570657261646d696e4061646d696e2e636f6d223b757365725f69647c733a313a2232223b6f6c645f6c6173745f6c6f67696e7c733a31303a2231373537393430393230223b6c6173745f636865636b7c693a313735373938363435303b6b617369725f73686966747c733a31353a22534832303235303931363030323031223b6b617369725f6f75746c65747c733a313a2232223b6163746976655f73686966745f69647c733a313a2234223b6163746976655f73686966745f636f64657c733a31353a22534832303235303931363030323031223b5f5f63695f766172737c613a303a7b7d),
	('kopmensa_session:4a1342593c6f2c44f04565627053b8fe', '::1', 4294967295, _binary 0x5f5f63695f6c6173745f726567656e65726174657c693a313735383032363735363b6b6f706d656e73615f746f6b656e7c733a33323a226161643639313732323763663565353464323533656537656164326231633436223b5f63695f70726576696f75735f75726c7c733a33393a22687474703a2f2f6c6f63616c686f73742f7035342d6b6f706d656e73612f64617368626f617264223b6964656e746974797c733a31303a22737570657261646d696e223b757365726e616d657c733a31303a22737570657261646d696e223b656d61696c7c733a32303a22737570657261646d696e4061646d696e2e636f6d223b757365725f69647c733a313a2232223b6f6c645f6c6173745f6c6f67696e7c733a31303a2231373537393430393230223b6c6173745f636865636b7c693a313735373938363435303b6b617369725f73686966747c733a31353a22534832303235303931363030323031223b6b617369725f6f75746c65747c733a313a2232223b6163746976655f73686966745f69647c733a313a2234223b6163746976655f73686966745f636f64657c733a31353a22534832303235303931363030323031223b5f5f63695f766172737c613a303a7b7d),
	('kopmensa_session:4a797bdfbae46d324338d4401e6aa4bc', '::1', 4294967295, _binary 0x5f5f63695f6c6173745f726567656e65726174657c693a313735363532363731343b6b6f706d656e73615f746f6b656e7c733a33323a226666653230663638396436356336666633366633343139393837333162623235223b5f63695f70726576696f75735f75726c7c733a33393a22687474703a2f2f6c6f63616c686f73742f7035342d6b6f706d656e73612f64617368626f617264223b6964656e746974797c733a31303a22737570657261646d696e223b757365726e616d657c733a31303a22737570657261646d696e223b656d61696c7c733a32303a22737570657261646d696e4061646d696e2e636f6d223b757365725f69647c733a313a2232223b6f6c645f6c6173745f6c6f67696e7c733a31303a2231373536343838303835223b6c6173745f636865636b7c693a313735363532303238343b5f5f63695f766172737c613a303a7b7d),
	('kopmensa_session:4b57a71d091be1c882134471aee0e0ed', '::1', 4294967295, _binary 0x5f5f63695f6c6173745f726567656e65726174657c693a313735373536363438383b6b6f706d656e73615f746f6b656e7c733a33323a226162663138366530356262353033323136323563623737343864383462356665223b5f63695f70726576696f75735f75726c7c733a33393a22687474703a2f2f6c6f63616c686f73742f7035342d6b6f706d656e73612f64617368626f617264223b6964656e746974797c733a31303a22737570657261646d696e223b757365726e616d657c733a31303a22737570657261646d696e223b656d61696c7c733a32303a22737570657261646d696e4061646d696e2e636f6d223b757365725f69647c733a313a2232223b6f6c645f6c6173745f6c6f67696e7c733a31303a2231373537303532343730223b6c6173745f636865636b7c693a313735373536333735343b),
	('kopmensa_session:4d4e4efe1eb54ce2331f67e4c7d3c5ba', '::1', 4294967295, _binary 0x5f5f63695f6c6173745f726567656e65726174657c693a313735383037393738383b6b6f706d656e73615f746f6b656e7c733a33323a226537393932346133343235666663633530373265363133633439393661663537223b5f63695f70726576696f75735f75726c7c733a33303a22687474703a2f2f6c6f63616c686f73742f7035342d6b6f706d656e73612f223b6964656e746974797c733a31303a22737570657261646d696e223b757365726e616d657c733a31303a22737570657261646d696e223b656d61696c7c733a32303a22737570657261646d696e4061646d696e2e636f6d223b757365725f69647c733a313a2232223b6f6c645f6c6173745f6c6f67696e7c733a31303a2231373537393836343530223b6c6173745f636865636b7c693a313735383037393738373b),
	('kopmensa_session:4e9320cb7e8bd198729b9b8d26ffa8a7', '::1', 4294967295, _binary 0x5f5f63695f6c6173745f726567656e65726174657c693a313735373934363931373b6b6f706d656e73615f746f6b656e7c733a33323a223231393539326136643230626264613438613666396138633632313230633033223b5f63695f70726576696f75735f75726c7c733a35323a22687474703a2f2f6c6f63616c686f73742f7035342d6b6f706d656e73612f7472616e73616b73692f6a75616c2f63617368696572223b6964656e746974797c733a353a226b61736972223b757365726e616d657c733a353a226b61736972223b656d61696c7c733a32333a226d696b6861656c66656c69616e40676d61696c2e636f6d223b757365725f69647c733a313a2233223b6f6c645f6c6173745f6c6f67696e7c733a31303a2231373537333834313631223b6c6173745f636865636b7c693a313735373934343936313b6b617369725f73686966747c733a31353a22534832303235303931353030323031223b6163746976655f73686966745f69647c733a313a2232223b6163746976655f73686966745f636f64657c733a31353a22534832303235303931353030323031223b),
	('kopmensa_session:50002d29db30d704928ceda7ac7a8f40', '::1', 4294967295, _binary 0x5f5f63695f6c6173745f726567656e65726174657c693a313735373037383436313b6b6f706d656e73615f746f6b656e7c733a33323a223038653539306533666135373365353533393631373737366161343637646663223b5f63695f70726576696f75735f75726c7c733a33393a22687474703a2f2f6c6f63616c686f73742f7035342d6b6f706d656e73612f64617368626f617264223b6964656e746974797c733a31303a22737570657261646d696e223b757365726e616d657c733a31303a22737570657261646d696e223b656d61696c7c733a32303a22737570657261646d696e4061646d696e2e636f6d223b757365725f69647c733a313a2232223b6f6c645f6c6173745f6c6f67696e7c733a31303a2231373536393034303239223b6c6173745f636865636b7c693a313735373035323437303b5f5f63695f766172737c613a303a7b7d),
	('kopmensa_session:53c4aea127cd5e39a6223f4062739356', '::1', 4294967295, _binary 0x5f5f63695f6c6173745f726567656e65726174657c693a313735373934323235373b6b6f706d656e73615f746f6b656e7c733a33323a223936363937306665353965663662643063313030393034306330343039623063223b5f63695f70726576696f75735f75726c7c733a33393a22687474703a2f2f6c6f63616c686f73742f7035342d6b6f706d656e73612f64617368626f617264223b6964656e746974797c733a31303a22737570657261646d696e223b757365726e616d657c733a31303a22737570657261646d696e223b656d61696c7c733a32303a22737570657261646d696e4061646d696e2e636f6d223b757365725f69647c733a313a2232223b6f6c645f6c6173745f6c6f67696e7c733a31303a2231373537363339353836223b6c6173745f636865636b7c693a313735373934303932303b5f5f63695f766172737c613a303a7b7d),
	('kopmensa_session:55d12c1cd3be36fb4806d389a5593feb', '::1', 4294967295, _binary 0x5f5f63695f6c6173745f726567656e65726174657c693a313735373934313536383b6b6f706d656e73615f746f6b656e7c733a33323a226433376561336232336638376432666336616132346432363462646439366335223b5f63695f70726576696f75735f75726c7c733a33393a22687474703a2f2f6c6f63616c686f73742f7035342d6b6f706d656e73612f64617368626f617264223b6964656e746974797c733a31303a22737570657261646d696e223b757365726e616d657c733a31303a22737570657261646d696e223b656d61696c7c733a32303a22737570657261646d696e4061646d696e2e636f6d223b757365725f69647c733a313a2232223b6f6c645f6c6173745f6c6f67696e7c733a31303a2231373537363339353836223b6c6173745f636865636b7c693a313735373934303932303b5f5f63695f766172737c613a303a7b7d),
	('kopmensa_session:568a274b3d6cb1d2b871e1bdb0fb75a2', '::1', 4294967295, _binary 0x5f5f63695f6c6173745f726567656e65726174657c693a313735363931363632363b6964656e746974797c733a353a226b61736972223b757365726e616d657c733a353a226b61736972223b656d61696c7c733a32333a226d696b6861656c66656c69616e40676d61696c2e636f6d223b757365725f69647c733a313a2233223b6f6c645f6c6173745f6c6f67696e7c733a31303a2231373536393132353838223b6c6173745f636865636b7c693a313735363931363632363b),
	('kopmensa_session:58515aa54770bccbe24995e5e565d46e', '::1', 4294967295, _binary 0x5f5f63695f6c6173745f726567656e65726174657c693a313735373935303335323b6b6f706d656e73615f746f6b656e7c733a33323a223366666333333438373562306430353533396235343961396337633437303730223b5f63695f70726576696f75735f75726c7c733a33393a22687474703a2f2f6c6f63616c686f73742f7035342d6b6f706d656e73612f64617368626f617264223b6964656e746974797c733a31303a22737570657261646d696e223b757365726e616d657c733a31303a22737570657261646d696e223b656d61696c7c733a32303a22737570657261646d696e4061646d696e2e636f6d223b757365725f69647c733a313a2232223b6f6c645f6c6173745f6c6f67696e7c733a31303a2231373537363339353836223b6c6173745f636865636b7c693a313735373934303932303b5f5f63695f766172737c613a303a7b7d),
	('kopmensa_session:58d64e893da2c5a3228a4fdb460770cc', '::1', 4294967295, _binary 0x5f5f63695f6c6173745f726567656e65726174657c693a313735373630373632383b6b6f706d656e73615f746f6b656e7c733a33323a226566363035623636323839336565303163623630623439383064313363363235223b5f63695f70726576696f75735f75726c7c733a33303a22687474703a2f2f6c6f63616c686f73742f7035342d6b6f706d656e73612f223b6964656e746974797c733a31303a22737570657261646d696e223b757365726e616d657c733a31303a22737570657261646d696e223b656d61696c7c733a32303a22737570657261646d696e4061646d696e2e636f6d223b757365725f69647c733a313a2232223b6f6c645f6c6173745f6c6f67696e7c733a31303a2231373537353633373534223b6c6173745f636865636b7c693a313735373630373632383b),
	('kopmensa_session:5a4c8cac6432071ec9d3c2c71f671dbe', '::1', 4294967295, _binary 0x5f5f63695f6c6173745f726567656e65726174657c693a313735363532313836363b6b6f706d656e73615f746f6b656e7c733a33323a226532356237396463613236636566396237333936343966656431343636323234223b5f63695f70726576696f75735f75726c7c733a33393a22687474703a2f2f6c6f63616c686f73742f7035342d6b6f706d656e73612f64617368626f617264223b6964656e746974797c733a353a226b61736972223b757365726e616d657c733a353a226b61736972223b656d61696c7c733a32333a226d696b6861656c66656c69616e40676d61696c2e636f6d223b757365725f69647c733a313a2233223b6f6c645f6c6173745f6c6f67696e7c733a31303a2231373536343837313631223b6c6173745f636865636b7c693a313735363532303339343b6b617369725f6f75746c65747c733a313a2232223b6b617369725f6f75746c65745f6e616d657c733a31313a22506f6a6f6b205365647568223b6b617369725f73686966747c693a343b6163746976655f73686966745f69647c733a313a2234223b6163746976655f73686966745f636f64657c733a31353a22534832303235303833303030323031223b5f5f63695f766172737c613a303a7b7d),
	('kopmensa_session:5ac118c296f2119046216d7564f8e6e7', '::1', 4294967295, _binary 0x5f5f63695f6c6173745f726567656e65726174657c693a313735363533303036303b6b6f706d656e73615f746f6b656e7c733a33323a226134353731306438343733373762313462653435616535373333663265323738223b5f63695f70726576696f75735f75726c7c733a33393a22687474703a2f2f6c6f63616c686f73742f7035342d6b6f706d656e73612f64617368626f617264223b6964656e746974797c733a31303a22737570657261646d696e223b757365726e616d657c733a31303a22737570657261646d696e223b656d61696c7c733a32303a22737570657261646d696e4061646d696e2e636f6d223b757365725f69647c733a313a2232223b6f6c645f6c6173745f6c6f67696e7c733a31303a2231373536343838303835223b6c6173745f636865636b7c693a313735363532303238343b5f5f63695f766172737c613a303a7b7d),
	('kopmensa_session:5b78562537c7cbf84af48ab75a11f16e', '::1', 4294967295, _binary 0x5f5f63695f6c6173745f726567656e65726174657c693a313735363538303135373b6b6f706d656e73615f746f6b656e7c733a33323a223937316337633033316662653465336137333462303834616238653534373465223b5f63695f70726576696f75735f75726c7c733a33393a22687474703a2f2f6c6f63616c686f73742f7035342d6b6f706d656e73612f64617368626f617264223b6964656e746974797c733a31303a22737570657261646d696e223b757365726e616d657c733a31303a22737570657261646d696e223b656d61696c7c733a32303a22737570657261646d696e4061646d696e2e636f6d223b757365725f69647c733a313a2232223b6f6c645f6c6173745f6c6f67696e7c733a31303a2231373536353230323834223b6c6173745f636865636b7c693a313735363538303135373b5f5f63695f766172737c613a303a7b7d),
	('kopmensa_session:5c4af8b9490271736e7e9592f5009d0e', '::1', 4294967295, _binary 0x5f5f63695f6c6173745f726567656e65726174657c693a313735363438393239373b6b6f706d656e73615f746f6b656e7c733a33323a223736663661316638303331306632633331626438643131393031643166663731223b5f63695f70726576696f75735f75726c7c733a34303a22687474703a2f2f6c6f63616c686f73742f7035342d6b6f706d656e73612f686f6d652f7465737432223b6964656e746974797c733a31303a22737570657261646d696e223b757365726e616d657c733a31303a22737570657261646d696e223b656d61696c7c733a32303a22737570657261646d696e4061646d696e2e636f6d223b757365725f69647c733a313a2232223b6f6c645f6c6173745f6c6f67696e7c733a31303a2231373536343830313631223b6c6173745f636865636b7c693a313735363438383038353b),
	('kopmensa_session:61fac700fb477cad76f7ea4830fc2937', '::1', 4294967295, _binary 0x5f5f63695f6c6173745f726567656e65726174657c693a313735383032383737383b6b6f706d656e73615f746f6b656e7c733a33323a226137633064393038303832646539303838373433656639663734383632386466223b5f63695f70726576696f75735f75726c7c733a33393a22687474703a2f2f6c6f63616c686f73742f7035342d6b6f706d656e73612f64617368626f617264223b6964656e746974797c733a353a226b61736972223b757365726e616d657c733a353a226b61736972223b656d61696c7c733a32333a226d696b6861656c66656c69616e40676d61696c2e636f6d223b757365725f69647c733a313a2233223b6f6c645f6c6173745f6c6f67696e7c733a31303a2231373538303232343131223b6c6173745f636865636b7c693a313735383032323435353b6b617369725f6f75746c65747c733a313a2232223b6b617369725f6f75746c65745f6e616d657c733a31313a22506f6a6f6b205365647568223b6b617369725f73686966747c733a31353a22534832303235303931363030323031223b6163746976655f73686966745f69647c733a313a2235223b6163746976655f73686966745f636f64657c733a31353a22534832303235303931363030323031223b5f5f63695f766172737c613a303a7b7d),
	('kopmensa_session:62db70894aa4da7f6d25d23261bf1d2f', '::1', 4294967295, _binary 0x5f5f63695f6c6173745f726567656e65726174657c693a313735363533323130383b6b6f706d656e73615f746f6b656e7c733a33323a223866666536303933393236613231656332303936346236363230343732386532223b5f63695f70726576696f75735f75726c7c733a33393a22687474703a2f2f6c6f63616c686f73742f7035342d6b6f706d656e73612f64617368626f617264223b6964656e746974797c733a353a226b61736972223b757365726e616d657c733a353a226b61736972223b656d61696c7c733a32333a226d696b6861656c66656c69616e40676d61696c2e636f6d223b757365725f69647c733a313a2233223b6f6c645f6c6173745f6c6f67696e7c733a31303a2231373536353230333934223b6c6173745f636865636b7c693a313735363532393538353b6b617369725f6f75746c65747c733a313a2232223b6b617369725f6f75746c65745f6e616d657c733a31313a22506f6a6f6b205365647568223b6163746976655f73686966745f69647c733a313a2236223b6163746976655f73686966745f636f64657c733a31353a22534832303235303833303030323033223b6b617369725f73686966747c693a363b5f5f63695f766172737c613a303a7b7d),
	('kopmensa_session:632b00ad5c268d3198d9fa7a95aeedeb', '::1', 4294967295, _binary 0x5f5f63695f6c6173745f726567656e65726174657c693a313735363733363033313b6b6f706d656e73615f746f6b656e7c733a33323a223432613537643739353638323637613766373263386235653836323835646564223b5f63695f70726576696f75735f75726c7c733a33303a22687474703a2f2f6c6f63616c686f73742f7035342d6b6f706d656e73612f223b6964656e746974797c733a31303a22737570657261646d696e223b757365726e616d657c733a31303a22737570657261646d696e223b656d61696c7c733a32303a22737570657261646d696e4061646d696e2e636f6d223b757365725f69647c733a313a2232223b6f6c645f6c6173745f6c6f67696e7c733a31303a2231373536353830313537223b6c6173745f636865636b7c693a313735363733363033303b),
	('kopmensa_session:65d549fc9719875cf985f0b999b1ca5e', '::1', 4294967295, _binary 0x5f5f63695f6c6173745f726567656e65726174657c693a313735383032343234353b6b6f706d656e73615f746f6b656e7c733a33323a223932626464323832343633383336373065653639303536616366366530373130223b5f63695f70726576696f75735f75726c7c733a33393a22687474703a2f2f6c6f63616c686f73742f7035342d6b6f706d656e73612f64617368626f617264223b6964656e746974797c733a353a226b61736972223b757365726e616d657c733a353a226b61736972223b656d61696c7c733a32333a226d696b6861656c66656c69616e40676d61696c2e636f6d223b757365725f69647c733a313a2233223b6f6c645f6c6173745f6c6f67696e7c733a31303a2231373538303232343131223b6c6173745f636865636b7c693a313735383032323435353b6b617369725f6f75746c65747c733a313a2232223b6b617369725f6f75746c65745f6e616d657c733a31313a22506f6a6f6b205365647568223b6b617369725f73686966747c733a31353a22534832303235303931363030323031223b6163746976655f73686966745f69647c733a313a2235223b6163746976655f73686966745f636f64657c733a31353a22534832303235303931363030323031223b5f5f63695f766172737c613a303a7b7d),
	('kopmensa_session:66a9a0b01babd63bd8709ff519fd95bc', '::1', 4294967295, _binary 0x5f5f63695f6c6173745f726567656e65726174657c693a313735373634343830373b6b6f706d656e73615f746f6b656e7c733a33323a226537373537313464666339393739633236343131653661616632623065343532223b5f63695f70726576696f75735f75726c7c733a35343a22687474703a2f2f6c6f63616c686f73742f7035342d6b6f706d656e73612f677564616e672f696e7075745f73746f6b2f637265617465223b6964656e746974797c733a31303a22737570657261646d696e223b757365726e616d657c733a31303a22737570657261646d696e223b656d61696c7c733a32303a22737570657261646d696e4061646d696e2e636f6d223b757365725f69647c733a313a2232223b6f6c645f6c6173745f6c6f67696e7c733a31303a2231373537363037363238223b6c6173745f636865636b7c693a313735373633393538363b),
	('kopmensa_session:695a710311be465b5a83068f753ab2ed', '::1', 4294967295, _binary 0x5f5f63695f6c6173745f726567656e65726174657c693a313735363930303033363b6964656e746974797c733a353a226b61736972223b757365726e616d657c733a353a226b61736972223b656d61696c7c733a32333a226d696b6861656c66656c69616e40676d61696c2e636f6d223b757365725f69647c733a313a2233223b6f6c645f6c6173745f6c6f67696e7c733a31303a2231373536373336303735223b6c6173745f636865636b7c693a313735363839393339323b),
	('kopmensa_session:69f3b93863ed001c55e3ba9df131281c', '::1', 4294967295, _binary 0x5f5f63695f6c6173745f726567656e65726174657c693a313735363532303339343b6b6f706d656e73615f746f6b656e7c733a33323a223733646539613435393430366365663566383961623439626231643432626565223b5f63695f70726576696f75735f75726c7c733a33303a22687474703a2f2f6c6f63616c686f73742f7035342d6b6f706d656e73612f223b6964656e746974797c733a353a226b61736972223b757365726e616d657c733a353a226b61736972223b656d61696c7c733a32333a226d696b6861656c66656c69616e40676d61696c2e636f6d223b757365725f69647c733a313a2233223b6f6c645f6c6173745f6c6f67696e7c733a31303a2231373536343837313631223b6c6173745f636865636b7c693a313735363532303339343b),
	('kopmensa_session:6aed4453d4f348134d1fb0f2af87a47e', '::1', 4294967295, _binary 0x5f5f63695f6c6173745f726567656e65726174657c693a313735373935313432383b6b6f706d656e73615f746f6b656e7c733a33323a226537323438363061316166386439386431333566303362626432613963383233223b5f63695f70726576696f75735f75726c7c733a33393a22687474703a2f2f6c6f63616c686f73742f7035342d6b6f706d656e73612f64617368626f617264223b6964656e746974797c733a353a226b61736972223b757365726e616d657c733a353a226b61736972223b656d61696c7c733a32333a226d696b6861656c66656c69616e40676d61696c2e636f6d223b757365725f69647c733a313a2233223b6f6c645f6c6173745f6c6f67696e7c733a31303a2231373537333834313631223b6c6173745f636865636b7c693a313735373934343936313b6b617369725f73686966747c733a31353a22534832303235303931353030323032223b6163746976655f73686966745f69647c733a313a2233223b6163746976655f73686966745f636f64657c733a31353a22534832303235303931353030323032223b6b617369725f6f75746c65747c733a313a2232223b),
	('kopmensa_session:70e0eb7740ac5d46a6f1fe3c7a2af2fd', '::1', 4294967295, _binary 0x5f5f63695f6c6173745f726567656e65726174657c693a313735363930323535363b6964656e746974797c733a353a226b61736972223b757365726e616d657c733a353a226b61736972223b656d61696c7c733a32333a226d696b6861656c66656c69616e40676d61696c2e636f6d223b757365725f69647c733a313a2233223b6f6c645f6c6173745f6c6f67696e7c733a31303a2231373536373336303735223b6c6173745f636865636b7c693a313735363839393339323b),
	('kopmensa_session:71118415bc65a4bf2a5be5caafb01159', '::1', 4294967295, _binary 0x5f5f63695f6c6173745f726567656e65726174657c693a313735373536353434303b6b6f706d656e73615f746f6b656e7c733a33323a226162663138366530356262353033323136323563623737343864383462356665223b5f63695f70726576696f75735f75726c7c733a33393a22687474703a2f2f6c6f63616c686f73742f7035342d6b6f706d656e73612f64617368626f617264223b6964656e746974797c733a31303a22737570657261646d696e223b757365726e616d657c733a31303a22737570657261646d696e223b656d61696c7c733a32303a22737570657261646d696e4061646d696e2e636f6d223b757365725f69647c733a313a2232223b6f6c645f6c6173745f6c6f67696e7c733a31303a2231373537303532343730223b6c6173745f636865636b7c693a313735373536333735343b5f5f63695f766172737c613a303a7b7d),
	('kopmensa_session:7434dbc14b35a0b8727b38c059ae014e', '::1', 4294967295, _binary 0x5f5f63695f6c6173745f726567656e65726174657c693a313735363930333835333b6964656e746974797c733a353a226b61736972223b757365726e616d657c733a353a226b61736972223b656d61696c7c733a32333a226d696b6861656c66656c69616e40676d61696c2e636f6d223b757365725f69647c733a313a2233223b6f6c645f6c6173745f6c6f67696e7c733a31303a2231373536393033303232223b6c6173745f636865636b7c693a313735363930333835333b),
	('kopmensa_session:7621837aea500b8a5b48ef61d48b505c', '::1', 4294967295, _binary 0x5f5f63695f6c6173745f726567656e65726174657c693a313735383032383537343b6b6f706d656e73615f746f6b656e7c733a33323a226161643639313732323763663565353464323533656537656164326231633436223b5f63695f70726576696f75735f75726c7c733a33393a22687474703a2f2f6c6f63616c686f73742f7035342d6b6f706d656e73612f64617368626f617264223b6964656e746974797c733a31303a22737570657261646d696e223b757365726e616d657c733a31303a22737570657261646d696e223b656d61696c7c733a32303a22737570657261646d696e4061646d696e2e636f6d223b757365725f69647c733a313a2232223b6f6c645f6c6173745f6c6f67696e7c733a31303a2231373537393430393230223b6c6173745f636865636b7c693a313735373938363435303b6b617369725f73686966747c733a31353a22534832303235303931363030323031223b6b617369725f6f75746c65747c733a313a2232223b6163746976655f73686966745f69647c733a313a2234223b6163746976655f73686966745f636f64657c733a31353a22534832303235303931363030323031223b5f5f63695f766172737c613a303a7b7d),
	('kopmensa_session:76e03e0c705c3d024508e6f6a2c82b7b', '::1', 4294967295, _binary 0x5f5f63695f6c6173745f726567656e65726174657c693a313735363533313537303b6b6f706d656e73615f746f6b656e7c733a33323a223563336562306531623432343436336237343833616535356262366136613264223b5f63695f70726576696f75735f75726c7c733a33393a22687474703a2f2f6c6f63616c686f73742f7035342d6b6f706d656e73612f64617368626f617264223b6964656e746974797c733a31303a22737570657261646d696e223b757365726e616d657c733a31303a22737570657261646d696e223b656d61696c7c733a32303a22737570657261646d696e4061646d696e2e636f6d223b757365725f69647c733a313a2232223b6f6c645f6c6173745f6c6f67696e7c733a31303a2231373536343838303835223b6c6173745f636865636b7c693a313735363532303238343b),
	('kopmensa_session:77a17750bb85e6c5ec30942fe6b8c1ef', '::1', 4294967295, _binary 0x5f5f63695f6c6173745f726567656e65726174657c693a313735383032303433383b6b6f706d656e73615f746f6b656e7c733a33323a226662346161623561363935353962386634373437323562386639353637636536223b5f63695f70726576696f75735f75726c7c733a33393a22687474703a2f2f6c6f63616c686f73742f7035342d6b6f706d656e73612f64617368626f617264223b6964656e746974797c733a353a226b61736972223b757365726e616d657c733a353a226b61736972223b656d61696c7c733a32333a226d696b6861656c66656c69616e40676d61696c2e636f6d223b757365725f69647c733a313a2233223b6f6c645f6c6173745f6c6f67696e7c733a31303a2231373537393439323734223b6c6173745f636865636b7c693a313735383031383435333b5f5f63695f766172737c613a303a7b7d),
	('kopmensa_session:78d2933e90a24caff871c3f7e4fcacba', '::1', 4294967295, _binary 0x5f5f63695f6c6173745f726567656e65726174657c693a313735363930333633303b6964656e746974797c733a353a226b61736972223b757365726e616d657c733a353a226b61736972223b656d61696c7c733a32333a226d696b6861656c66656c69616e40676d61696c2e636f6d223b757365725f69647c733a313a2233223b6f6c645f6c6173745f6c6f67696e7c733a31303a2231373536393032393132223b6c6173745f636865636b7c693a313735363930333032323b),
	('kopmensa_session:793f7f8ebf406c8eb1e2956aac135fbd', '::1', 4294967295, _binary 0x5f5f63695f6c6173745f726567656e65726174657c693a313735373934393237343b6964656e746974797c733a353a226b61736972223b757365726e616d657c733a353a226b61736972223b656d61696c7c733a32333a226d696b6861656c66656c69616e40676d61696c2e636f6d223b757365725f69647c733a313a2233223b6f6c645f6c6173745f6c6f67696e7c733a31303a2231373537393436343930223b6c6173745f636865636b7c693a313735373934393237343b),
	('kopmensa_session:803614ea84bf1b609e52150bd3a3a526', '::1', 4294967295, _binary 0x5f5f63695f6c6173745f726567656e65726174657c693a313735363532303337393b6b6f706d656e73615f746f6b656e7c733a33323a223663306436653965613564363034386437313162656632353337633732333033223b5f63695f70726576696f75735f75726c7c733a33303a22687474703a2f2f6c6f63616c686f73742f7035342d6b6f706d656e73612f223b),
	('kopmensa_session:80f27492957b4bd86bf5e07bf7f8f1d1', '::1', 4294967295, _binary 0x5f5f63695f6c6173745f726567656e65726174657c693a313735383031353630393b6b6f706d656e73615f746f6b656e7c733a33323a226636313037333465666433353864356232333132313965323666613639373766223b5f63695f70726576696f75735f75726c7c733a33393a22687474703a2f2f6c6f63616c686f73742f7035342d6b6f706d656e73612f64617368626f617264223b6964656e746974797c733a31303a22737570657261646d696e223b757365726e616d657c733a31303a22737570657261646d696e223b656d61696c7c733a32303a22737570657261646d696e4061646d696e2e636f6d223b757365725f69647c733a313a2232223b6f6c645f6c6173745f6c6f67696e7c733a31303a2231373537393430393230223b6c6173745f636865636b7c693a313735373938363435303b6b617369725f73686966747c733a31353a22534832303235303931363030323031223b6b617369725f6f75746c65747c733a313a2232223b6163746976655f73686966745f69647c733a313a2234223b6163746976655f73686966745f636f64657c733a31353a22534832303235303931363030323031223b),
	('kopmensa_session:82f1620af37bc970c90f4e956b0fad20', '::1', 4294967295, _binary 0x5f5f63695f6c6173745f726567656e65726174657c693a313735363533303930353b6b6f706d656e73615f746f6b656e7c733a33323a226134353731306438343733373762313462653435616535373333663265323738223b5f63695f70726576696f75735f75726c7c733a33393a22687474703a2f2f6c6f63616c686f73742f7035342d6b6f706d656e73612f64617368626f617264223b6964656e746974797c733a31303a22737570657261646d696e223b757365726e616d657c733a31303a22737570657261646d696e223b656d61696c7c733a32303a22737570657261646d696e4061646d696e2e636f6d223b757365725f69647c733a313a2232223b6f6c645f6c6173745f6c6f67696e7c733a31303a2231373536343838303835223b6c6173745f636865636b7c693a313735363532303238343b5f5f63695f766172737c613a303a7b7d),
	('kopmensa_session:844a7feb61f9ab92407ea6b113fe3627', '::1', 4294967295, _binary 0x5f5f63695f6c6173745f726567656e65726174657c693a313735373935303335323b6b6f706d656e73615f746f6b656e7c733a33323a223366666333333438373562306430353533396235343961396337633437303730223b5f63695f70726576696f75735f75726c7c733a33393a22687474703a2f2f6c6f63616c686f73742f7035342d6b6f706d656e73612f64617368626f617264223b6964656e746974797c733a31303a22737570657261646d696e223b757365726e616d657c733a31303a22737570657261646d696e223b656d61696c7c733a32303a22737570657261646d696e4061646d696e2e636f6d223b757365725f69647c733a313a2232223b6f6c645f6c6173745f6c6f67696e7c733a31303a2231373537363339353836223b6c6173745f636865636b7c693a313735373934303932303b5f5f63695f766172737c613a303a7b7d),
	('kopmensa_session:861947fc7b7b3b5512ff4dbf1f059dcd', '::1', 4294967295, _binary 0x5f5f63695f6c6173745f726567656e65726174657c693a313735373934343936313b6b6f706d656e73615f746f6b656e7c733a33323a226330396363373136306661323963393364343435373935343739316139616637223b5f63695f70726576696f75735f75726c7c733a33303a22687474703a2f2f6c6f63616c686f73742f7035342d6b6f706d656e73612f223b6964656e746974797c733a353a226b61736972223b757365726e616d657c733a353a226b61736972223b656d61696c7c733a32333a226d696b6861656c66656c69616e40676d61696c2e636f6d223b757365725f69647c733a313a2233223b6f6c645f6c6173745f6c6f67696e7c733a31303a2231373537333834313631223b6c6173745f636865636b7c693a313735373934343936313b),
	('kopmensa_session:8624e64797e8d93410993f256351c277', '::1', 4294967295, _binary 0x5f5f63695f6c6173745f726567656e65726174657c693a313735363532343535313b6b6f706d656e73615f746f6b656e7c733a33323a223661336234383434613735656261336562333562646336336234353332633336223b5f63695f70726576696f75735f75726c7c733a33393a22687474703a2f2f6c6f63616c686f73742f7035342d6b6f706d656e73612f64617368626f617264223b6964656e746974797c733a353a226b61736972223b757365726e616d657c733a353a226b61736972223b656d61696c7c733a32333a226d696b6861656c66656c69616e40676d61696c2e636f6d223b757365725f69647c733a313a2233223b6f6c645f6c6173745f6c6f67696e7c733a31303a2231373536343837313631223b6c6173745f636865636b7c693a313735363532303339343b6b617369725f6f75746c65747c733a313a2232223b6b617369725f6f75746c65745f6e616d657c733a31313a22506f6a6f6b205365647568223b6b617369725f73686966747c693a343b6163746976655f73686966745f69647c733a313a2234223b6163746976655f73686966745f636f64657c733a31353a22534832303235303833303030323031223b5f5f63695f766172737c613a303a7b7d),
	('kopmensa_session:8901062e82305cbe6bf1903ed4e58475', '::1', 4294967295, _binary 0x5f5f63695f6c6173745f726567656e65726174657c693a313735363833343438393b6b6f706d656e73615f746f6b656e7c733a33323a226532346338653037343030316561393231363736356331636337633661383462223b5f63695f70726576696f75735f75726c7c733a33303a22687474703a2f2f6c6f63616c686f73742f7035342d6b6f706d656e73612f223b6964656e746974797c733a31303a22737570657261646d696e223b757365726e616d657c733a31303a22737570657261646d696e223b656d61696c7c733a32303a22737570657261646d696e4061646d696e2e636f6d223b757365725f69647c733a313a2232223b6f6c645f6c6173745f6c6f67696e7c733a31303a2231373536373336303330223b6c6173745f636865636b7c693a313735363833343438393b),
	('kopmensa_session:8a14ee6cec7816586c166975cb94fc4d', '::1', 4294967295, _binary 0x5f5f63695f6c6173745f726567656e65726174657c693a313735363533303738393b6b6f706d656e73615f746f6b656e7c733a33323a223239623630346535633235656662343366613666623331363238306136643433223b5f63695f70726576696f75735f75726c7c733a33393a22687474703a2f2f6c6f63616c686f73742f7035342d6b6f706d656e73612f64617368626f617264223b6964656e746974797c733a353a226b61736972223b757365726e616d657c733a353a226b61736972223b656d61696c7c733a32333a226d696b6861656c66656c69616e40676d61696c2e636f6d223b757365725f69647c733a313a2233223b6f6c645f6c6173745f6c6f67696e7c733a31303a2231373536353230333934223b6c6173745f636865636b7c693a313735363532393538353b6b617369725f6f75746c65747c733a313a2232223b6b617369725f6f75746c65745f6e616d657c733a31313a22506f6a6f6b205365647568223b6163746976655f73686966745f69647c733a313a2235223b6163746976655f73686966745f636f64657c733a31353a22534832303235303833303030323032223b6b617369725f73686966747c693a353b5f5f63695f766172737c613a303a7b7d),
	('kopmensa_session:8a24952236ac663ed1c6d1ec403c94ad', '::1', 4294967295, _binary 0x5f5f63695f6c6173745f726567656e65726174657c693a313735373934363234393b6b6f706d656e73615f746f6b656e7c733a33323a223231393539326136643230626264613438613666396138633632313230633033223b5f63695f70726576696f75735f75726c7c733a33393a22687474703a2f2f6c6f63616c686f73742f7035342d6b6f706d656e73612f64617368626f617264223b6964656e746974797c733a353a226b61736972223b757365726e616d657c733a353a226b61736972223b656d61696c7c733a32333a226d696b6861656c66656c69616e40676d61696c2e636f6d223b757365725f69647c733a313a2233223b6f6c645f6c6173745f6c6f67696e7c733a31303a2231373537333834313631223b6c6173745f636865636b7c693a313735373934343936313b6b617369725f73686966747c693a323b5f5f63695f766172737c613a303a7b7d),
	('kopmensa_session:8f7b80abb0b303f5c1d5434a25d58c11', '::1', 4294967295, _binary 0x5f5f63695f6c6173745f726567656e65726174657c693a313735363532353237303b6b6f706d656e73615f746f6b656e7c733a33323a223661336234383434613735656261336562333562646336336234353332633336223b5f63695f70726576696f75735f75726c7c733a33393a22687474703a2f2f6c6f63616c686f73742f7035342d6b6f706d656e73612f64617368626f617264223b6964656e746974797c733a353a226b61736972223b757365726e616d657c733a353a226b61736972223b656d61696c7c733a32333a226d696b6861656c66656c69616e40676d61696c2e636f6d223b757365725f69647c733a313a2233223b6f6c645f6c6173745f6c6f67696e7c733a31303a2231373536343837313631223b6c6173745f636865636b7c693a313735363532303339343b6b617369725f6f75746c65747c733a313a2232223b6b617369725f6f75746c65745f6e616d657c733a31313a22506f6a6f6b205365647568223b6b617369725f73686966747c693a343b6163746976655f73686966745f69647c733a313a2234223b6163746976655f73686966745f636f64657c733a31353a22534832303235303833303030323031223b),
	('kopmensa_session:915d83712c9800012ac7dfd09f116f62', '::1', 4294967295, _binary 0x5f5f63695f6c6173745f726567656e65726174657c693a313735373934373936353b6b6f706d656e73615f746f6b656e7c733a33323a223462303762386133386633353132393831353235653163386437383465303632223b5f63695f70726576696f75735f75726c7c733a33393a22687474703a2f2f6c6f63616c686f73742f7035342d6b6f706d656e73612f64617368626f617264223b6964656e746974797c733a31303a22737570657261646d696e223b757365726e616d657c733a31303a22737570657261646d696e223b656d61696c7c733a32303a22737570657261646d696e4061646d696e2e636f6d223b757365725f69647c733a313a2232223b6f6c645f6c6173745f6c6f67696e7c733a31303a2231373537363339353836223b6c6173745f636865636b7c693a313735373934303932303b5f5f63695f766172737c613a303a7b7d),
	('kopmensa_session:9638bcd4d6acc00299d71c13c0d4e460', '::1', 4294967295, _binary 0x5f5f63695f6c6173745f726567656e65726174657c693a313735373639353537373b6b6f706d656e73615f746f6b656e7c733a33323a226237343162323739303834653738323235313638666634343162653464343430223b6572726f727c733a33303a2253696c616b616e206c6f67696e207465726c6562696820646168756c7521223b5f5f63695f766172737c613a313a7b733a353a226572726f72223b733a333a226f6c64223b7d5f63695f70726576696f75735f75726c7c733a34303a22687474703a2f2f6c6f63616c686f73742f7035342d6b6f706d656e73612f617574682f6c6f67696e223b),
	('kopmensa_session:96eed4db7dde2c327661e69585876138', '::1', 4294967295, _binary 0x5f5f63695f6c6173745f726567656e65726174657c693a313735363438383038363b6b6f706d656e73615f746f6b656e7c733a33323a223365623464363463366162366631353439373039353332333237393830393964223b5f63695f70726576696f75735f75726c7c733a34303a22687474703a2f2f6c6f63616c686f73742f7035342d6b6f706d656e73612f686f6d652f7465737432223b6964656e746974797c733a31303a22737570657261646d696e223b757365726e616d657c733a31303a22737570657261646d696e223b656d61696c7c733a32303a22737570657261646d696e4061646d696e2e636f6d223b757365725f69647c733a313a2232223b6f6c645f6c6173745f6c6f67696e7c733a31303a2231373536343830313631223b6c6173745f636865636b7c693a313735363438383038353b),
	('kopmensa_session:984c1a69dd4b082d7bf2306821fbf545', '::1', 4294967295, _binary 0x5f5f63695f6c6173745f726567656e65726174657c693a313735373338343136313b6964656e746974797c733a353a226b61736972223b757365726e616d657c733a353a226b61736972223b656d61696c7c733a32333a226d696b6861656c66656c69616e40676d61696c2e636f6d223b757365725f69647c733a313a2233223b6f6c645f6c6173745f6c6f67696e7c733a31303a2231373537333533323135223b6c6173745f636865636b7c693a313735373338343136313b),
	('kopmensa_session:98d29c3f5e3eb814aec3876775f59fff', '::1', 4294967295, _binary 0x5f5f63695f6c6173745f726567656e65726174657c693a313735363733333932333b6964656e746974797c733a353a226b61736972223b757365726e616d657c733a353a226b61736972223b656d61696c7c733a32333a226d696b6861656c66656c69616e40676d61696c2e636f6d223b757365725f69647c733a313a2233223b6f6c645f6c6173745f6c6f67696e7c733a31303a2231373536353239353835223b6c6173745f636865636b7c693a313735363733333932333b),
	('kopmensa_session:9a2d58a4e4946690cff697feca3be8a8', '::1', 4294967295, _binary 0x5f5f63695f6c6173745f726567656e65726174657c693a313735373536333735343b6b6f706d656e73615f746f6b656e7c733a33323a226365363330303563366237633762303639663164376363656464636633633763223b5f63695f70726576696f75735f75726c7c733a33303a22687474703a2f2f6c6f63616c686f73742f7035342d6b6f706d656e73612f223b6964656e746974797c733a31303a22737570657261646d696e223b757365726e616d657c733a31303a22737570657261646d696e223b656d61696c7c733a32303a22737570657261646d696e4061646d696e2e636f6d223b757365725f69647c733a313a2232223b6f6c645f6c6173745f6c6f67696e7c733a31303a2231373537303532343730223b6c6173745f636865636b7c693a313735373536333735343b),
	('kopmensa_session:9b0171f8163260fdbbc0d307fb4da68f', '::1', 4294967295, _binary 0x5f5f63695f6c6173745f726567656e65726174657c693a313735373536373932313b6b6f706d656e73615f746f6b656e7c733a33323a226162663138366530356262353033323136323563623737343864383462356665223b5f63695f70726576696f75735f75726c7c733a33393a22687474703a2f2f6c6f63616c686f73742f7035342d6b6f706d656e73612f64617368626f617264223b6964656e746974797c733a31303a22737570657261646d696e223b757365726e616d657c733a31303a22737570657261646d696e223b656d61696c7c733a32303a22737570657261646d696e4061646d696e2e636f6d223b757365725f69647c733a313a2232223b6f6c645f6c6173745f6c6f67696e7c733a31303a2231373537303532343730223b6c6173745f636865636b7c693a313735373536333735343b5f5f63695f766172737c613a303a7b7d),
	('kopmensa_session:9de2cb7515fb75dc576194824f220667', '::1', 4294967295, _binary 0x5f5f63695f6c6173745f726567656e65726174657c693a313735363931323538373b6964656e746974797c733a353a226b61736972223b757365726e616d657c733a353a226b61736972223b656d61696c7c733a32333a226d696b6861656c66656c69616e40676d61696c2e636f6d223b757365725f69647c733a313a2233223b6f6c645f6c6173745f6c6f67696e7c733a31303a2231373536393034333632223b6c6173745f636865636b7c693a313735363931313538333b),
	('kopmensa_session:9e6985503c706128bd09c07b018ab53c', '::1', 4294967295, _binary 0x5f5f63695f6c6173745f726567656e65726174657c693a313735363533333031353b6b6f706d656e73615f746f6b656e7c733a33323a223533666237333531323865303162336136333238646337616164613861383066223b5f63695f70726576696f75735f75726c7c733a33393a22687474703a2f2f6c6f63616c686f73742f7035342d6b6f706d656e73612f64617368626f617264223b6964656e746974797c733a31303a22737570657261646d696e223b757365726e616d657c733a31303a22737570657261646d696e223b656d61696c7c733a32303a22737570657261646d696e4061646d696e2e636f6d223b757365725f69647c733a313a2232223b6f6c645f6c6173745f6c6f67696e7c733a31303a2231373536343838303835223b6c6173745f636865636b7c693a313735363532303238343b5f5f63695f766172737c613a303a7b7d),
	('kopmensa_session:9eb99b8c19a34d043b85267ba04362c0', '::1', 4294967295, _binary 0x5f5f63695f6c6173745f726567656e65726174657c693a313735373338343136313b6964656e746974797c733a353a226b61736972223b757365726e616d657c733a353a226b61736972223b656d61696c7c733a32333a226d696b6861656c66656c69616e40676d61696c2e636f6d223b757365725f69647c733a313a2233223b6f6c645f6c6173745f6c6f67696e7c733a31303a2231373537333533323135223b6c6173745f636865636b7c693a313735373338343136313b),
	('kopmensa_session:9fbdcad57b8d72eb87b24d5ef7b3fa37', '::1', 4294967295, _binary 0x5f5f63695f6c6173745f726567656e65726174657c693a313735363930343336323b6964656e746974797c733a353a226b61736972223b757365726e616d657c733a353a226b61736972223b656d61696c7c733a32333a226d696b6861656c66656c69616e40676d61696c2e636f6d223b757365725f69647c733a313a2233223b6f6c645f6c6173745f6c6f67696e7c733a31303a2231373536393033383533223b6c6173745f636865636b7c693a313735363930343336323b),
	('kopmensa_session:a0aa9f8e9667cd0163fdb2428cd2f508', '::1', 4294967295, _binary 0x5f5f63695f6c6173745f726567656e65726174657c693a313735363733343137333b6964656e746974797c733a353a226b61736972223b757365726e616d657c733a353a226b61736972223b656d61696c7c733a32333a226d696b6861656c66656c69616e40676d61696c2e636f6d223b757365725f69647c733a313a2233223b6f6c645f6c6173745f6c6f67696e7c733a31303a2231373536373333393233223b6c6173745f636865636b7c693a313735363733343137333b),
	('kopmensa_session:a23b9d821d2baf18b1344aeb5889189b', '::1', 4294967295, _binary 0x5f5f63695f6c6173745f726567656e65726174657c693a313735383038313134353b6b6f706d656e73615f746f6b656e7c733a33323a226234633565393139613335383961633965646530373938396434663038353861223b5f63695f70726576696f75735f75726c7c733a33393a22687474703a2f2f6c6f63616c686f73742f7035342d6b6f706d656e73612f64617368626f617264223b6964656e746974797c733a31303a22737570657261646d696e223b757365726e616d657c733a31303a22737570657261646d696e223b656d61696c7c733a32303a22737570657261646d696e4061646d696e2e636f6d223b757365725f69647c733a313a2232223b6f6c645f6c6173745f6c6f67696e7c733a31303a2231373537393836343530223b6c6173745f636865636b7c693a313735383037393738373b),
	('kopmensa_session:a3242bdf486979548f461e7c15710715', '::1', 4294967295, _binary 0x5f5f63695f6c6173745f726567656e65726174657c693a313735363538303135373b6b6f706d656e73615f746f6b656e7c733a33323a223937316337633033316662653465336137333462303834616238653534373465223b5f63695f70726576696f75735f75726c7c733a33303a22687474703a2f2f6c6f63616c686f73742f7035342d6b6f706d656e73612f223b6964656e746974797c733a31303a22737570657261646d696e223b757365726e616d657c733a31303a22737570657261646d696e223b656d61696c7c733a32303a22737570657261646d696e4061646d696e2e636f6d223b757365725f69647c733a313a2232223b6f6c645f6c6173745f6c6f67696e7c733a31303a2231373536353230323834223b6c6173745f636865636b7c693a313735363538303135373b),
	('kopmensa_session:a84dac521c6e7f4254bea376f897459b', '::1', 4294967295, _binary 0x5f5f63695f6c6173745f726567656e65726174657c693a313735383032323231353b6b6f706d656e73615f746f6b656e7c733a33323a226163633264636666303030646362346166373862336231373032346265653933223b5f63695f70726576696f75735f75726c7c733a33303a22687474703a2f2f6c6f63616c686f73742f7035342d6b6f706d656e73612f223b6964656e746974797c733a353a226b61736972223b757365726e616d657c733a353a226b61736972223b656d61696c7c733a32333a226d696b6861656c66656c69616e40676d61696c2e636f6d223b757365725f69647c733a313a2233223b6f6c645f6c6173745f6c6f67696e7c733a31303a2231373538303231393737223b6c6173745f636865636b7c693a313735383032323231353b),
	('kopmensa_session:ae29951f6ae7a55053a7e8dea1f45549', '::1', 4294967295, _binary 0x5f5f63695f6c6173745f726567656e65726174657c693a313735383032373537313b6b6f706d656e73615f746f6b656e7c733a33323a226161643639313732323763663565353464323533656537656164326231633436223b5f63695f70726576696f75735f75726c7c733a33393a22687474703a2f2f6c6f63616c686f73742f7035342d6b6f706d656e73612f64617368626f617264223b6964656e746974797c733a31303a22737570657261646d696e223b757365726e616d657c733a31303a22737570657261646d696e223b656d61696c7c733a32303a22737570657261646d696e4061646d696e2e636f6d223b757365725f69647c733a313a2232223b6f6c645f6c6173745f6c6f67696e7c733a31303a2231373537393430393230223b6c6173745f636865636b7c693a313735373938363435303b6b617369725f73686966747c733a31353a22534832303235303931363030323031223b6b617369725f6f75746c65747c733a313a2232223b6163746976655f73686966745f69647c733a313a2234223b6163746976655f73686966745f636f64657c733a31353a22534832303235303931363030323031223b5f5f63695f766172737c613a303a7b7d),
	('kopmensa_session:af095aabe7d83510d663456dc66b350b', '::1', 4294967295, _binary 0x5f5f63695f6c6173745f726567656e65726174657c693a313735363930343032393b6b6f706d656e73615f746f6b656e7c733a33323a226662353934346138333439393130646562343630343564376262306562373735223b5f63695f70726576696f75735f75726c7c733a33393a22687474703a2f2f6c6f63616c686f73742f7035342d6b6f706d656e73612f64617368626f617264223b6964656e746974797c733a31303a22737570657261646d696e223b757365726e616d657c733a31303a22737570657261646d696e223b656d61696c7c733a32303a22737570657261646d696e4061646d696e2e636f6d223b757365725f69647c733a313a2232223b6f6c645f6c6173745f6c6f67696e7c733a31303a2231373536383334343839223b6c6173745f636865636b7c693a313735363930343032393b5f5f63695f766172737c613a303a7b7d),
	('kopmensa_session:b56497766683b9fee47df2252ac5273f', '::1', 4294967295, _binary 0x5f5f63695f6c6173745f726567656e65726174657c693a313735373630393433313b6b6f706d656e73615f746f6b656e7c733a33323a226566363035623636323839336565303163623630623439383064313363363235223b5f63695f70726576696f75735f75726c7c733a33393a22687474703a2f2f6c6f63616c686f73742f7035342d6b6f706d656e73612f64617368626f617264223b6964656e746974797c733a31303a22737570657261646d696e223b757365726e616d657c733a31303a22737570657261646d696e223b656d61696c7c733a32303a22737570657261646d696e4061646d696e2e636f6d223b757365725f69647c733a313a2232223b6f6c645f6c6173745f6c6f67696e7c733a31303a2231373537353633373534223b6c6173745f636865636b7c693a313735373630373632383b),
	('kopmensa_session:b6ff1f298d310eef20a91dea56a7f768', '::1', 4294967295, _binary 0x5f5f63695f6c6173745f726567656e65726174657c693a313735383032323530303b6b6f706d656e73615f746f6b656e7c733a33323a226330303330346565306236363639666461373738666534613436373530313565223b5f63695f70726576696f75735f75726c7c733a33393a22687474703a2f2f6c6f63616c686f73742f7035342d6b6f706d656e73612f64617368626f617264223b6964656e746974797c733a31303a22737570657261646d696e223b757365726e616d657c733a31303a22737570657261646d696e223b656d61696c7c733a32303a22737570657261646d696e4061646d696e2e636f6d223b757365725f69647c733a313a2232223b6f6c645f6c6173745f6c6f67696e7c733a31303a2231373537393430393230223b6c6173745f636865636b7c693a313735373938363435303b6b617369725f73686966747c733a31353a22534832303235303931363030323031223b6b617369725f6f75746c65747c733a313a2232223b6163746976655f73686966745f69647c733a313a2234223b6163746976655f73686966745f636f64657c733a31353a22534832303235303931363030323031223b5f5f63695f766172737c613a303a7b7d),
	('kopmensa_session:b875e1608a3bdfe4534996f7c860cc9b', '::1', 4294967295, _binary 0x5f5f63695f6c6173745f726567656e65726174657c693a313735373634323933323b6b6f706d656e73615f746f6b656e7c733a33323a226465646565623066353238666565323466376264623763323337343839353566223b5f63695f70726576696f75735f75726c7c733a33393a22687474703a2f2f6c6f63616c686f73742f7035342d6b6f706d656e73612f64617368626f617264223b6964656e746974797c733a31303a22737570657261646d696e223b757365726e616d657c733a31303a22737570657261646d696e223b656d61696c7c733a32303a22737570657261646d696e4061646d696e2e636f6d223b757365725f69647c733a313a2232223b6f6c645f6c6173745f6c6f67696e7c733a31303a2231373537363037363238223b6c6173745f636865636b7c693a313735373633393538363b),
	('kopmensa_session:bb464dcdafd9b03acb48be664f5f22f3', '::1', 4294967295, _binary 0x5f5f63695f6c6173745f726567656e65726174657c693a313735373934363439303b6964656e746974797c733a353a226b61736972223b757365726e616d657c733a353a226b61736972223b656d61696c7c733a32333a226d696b6861656c66656c69616e40676d61696c2e636f6d223b757365725f69647c733a313a2233223b6f6c645f6c6173745f6c6f67696e7c733a31303a2231373537393436323431223b6c6173745f636865636b7c693a313735373934363439303b),
	('kopmensa_session:c1e6e1e07eca251f87f8beb6a79fe472', '::1', 4294967295, _binary 0x5f5f63695f6c6173745f726567656e65726174657c693a313735363930343032393b6b6f706d656e73615f746f6b656e7c733a33323a226662353934346138333439393130646562343630343564376262306562373735223b5f63695f70726576696f75735f75726c7c733a33303a22687474703a2f2f6c6f63616c686f73742f7035342d6b6f706d656e73612f223b6964656e746974797c733a31303a22737570657261646d696e223b757365726e616d657c733a31303a22737570657261646d696e223b656d61696c7c733a32303a22737570657261646d696e4061646d696e2e636f6d223b757365725f69647c733a313a2232223b6f6c645f6c6173745f6c6f67696e7c733a31303a2231373536383334343839223b6c6173745f636865636b7c693a313735363930343032393b),
	('kopmensa_session:c244d98d47115c14a1f6e17a4b34c5bb', '::1', 4294967295, _binary 0x5f5f63695f6c6173745f726567656e65726174657c693a313735373734333738373b6b6f706d656e73615f746f6b656e7c733a33323a223830666263313435646430356433666332643233386631663831616362653433223b5f63695f70726576696f75735f75726c7c733a33303a22687474703a2f2f6c6f63616c686f73742f7035342d6b6f706d656e73612f223b),
	('kopmensa_session:c46cc9d5a25416f78cb2cb66d286697c', '::1', 4294967295, _binary 0x5f5f63695f6c6173745f726567656e65726174657c693a313735373934393231393b6b6f706d656e73615f746f6b656e7c733a33323a223366666333333438373562306430353533396235343961396337633437303730223b5f63695f70726576696f75735f75726c7c733a33393a22687474703a2f2f6c6f63616c686f73742f7035342d6b6f706d656e73612f64617368626f617264223b6964656e746974797c733a31303a22737570657261646d696e223b757365726e616d657c733a31303a22737570657261646d696e223b656d61696c7c733a32303a22737570657261646d696e4061646d696e2e636f6d223b757365725f69647c733a313a2232223b6f6c645f6c6173745f6c6f67696e7c733a31303a2231373537363339353836223b6c6173745f636865636b7c693a313735373934303932303b5f5f63695f766172737c613a303a7b7d),
	('kopmensa_session:c624ed428238c4998b58ad42e0449831', '::1', 4294967295, _binary 0x5f5f63695f6c6173745f726567656e65726174657c693a313735373536373331383b6b6f706d656e73615f746f6b656e7c733a33323a226162663138366530356262353033323136323563623737343864383462356665223b5f63695f70726576696f75735f75726c7c733a33393a22687474703a2f2f6c6f63616c686f73742f7035342d6b6f706d656e73612f64617368626f617264223b6964656e746974797c733a31303a22737570657261646d696e223b757365726e616d657c733a31303a22737570657261646d696e223b656d61696c7c733a32303a22737570657261646d696e4061646d696e2e636f6d223b757365725f69647c733a313a2232223b6f6c645f6c6173745f6c6f67696e7c733a31303a2231373537303532343730223b6c6173745f636865636b7c693a313735373536333735343b5f5f63695f766172737c613a303a7b7d),
	('kopmensa_session:c645d58b24ff1b521fc200ce0a13cc1f', '::1', 4294967295, _binary 0x5f5f63695f6c6173745f726567656e65726174657c693a313735383032323431313b6b6f706d656e73615f746f6b656e7c733a33323a226165353664626538616637366663346630323766613961616166633666353534223b5f63695f70726576696f75735f75726c7c733a33303a22687474703a2f2f6c6f63616c686f73742f7035342d6b6f706d656e73612f223b6964656e746974797c733a353a226b61736972223b757365726e616d657c733a353a226b61736972223b656d61696c7c733a32333a226d696b6861656c66656c69616e40676d61696c2e636f6d223b757365725f69647c733a313a2233223b6f6c645f6c6173745f6c6f67696e7c733a31303a2231373538303232323135223b6c6173745f636865636b7c693a313735383032323431313b),
	('kopmensa_session:c6c1b97ef8be3d0d4fe993a70e95806a', '::1', 4294967295, _binary 0x5f5f63695f6c6173745f726567656e65726174657c693a313735373630393433313b6b6f706d656e73615f746f6b656e7c733a33323a226566363035623636323839336565303163623630623439383064313363363235223b5f63695f70726576696f75735f75726c7c733a33393a22687474703a2f2f6c6f63616c686f73742f7035342d6b6f706d656e73612f64617368626f617264223b6964656e746974797c733a31303a22737570657261646d696e223b757365726e616d657c733a31303a22737570657261646d696e223b656d61696c7c733a32303a22737570657261646d696e4061646d696e2e636f6d223b757365725f69647c733a313a2232223b6f6c645f6c6173745f6c6f67696e7c733a31303a2231373537353633373534223b6c6173745f636865636b7c693a313735373630373632383b),
	('kopmensa_session:c72d36aec340d1721f1a1d3697ee8848', '::1', 4294967295, _binary 0x5f5f63695f6c6173745f726567656e65726174657c693a313735363733363031393b6b6f706d656e73615f746f6b656e7c733a33323a226163303831376634383739393366326239396434653836303733333865623839223b5f63695f70726576696f75735f75726c7c733a33303a22687474703a2f2f6c6f63616c686f73742f7035342d6b6f706d656e73612f223b),
	('kopmensa_session:c7f9a61841d3ffb2649f4ef5e0969151', '::1', 4294967295, _binary 0x5f5f63695f6c6173745f726567656e65726174657c693a313735363930323931323b6964656e746974797c733a353a226b61736972223b757365726e616d657c733a353a226b61736972223b656d61696c7c733a32333a226d696b6861656c66656c69616e40676d61696c2e636f6d223b757365725f69647c733a313a2233223b6f6c645f6c6173745f6c6f67696e7c733a31303a2231373536383939333932223b6c6173745f636865636b7c693a313735363930323931323b),
	('kopmensa_session:c8c799c3ab45cfa786b7f305fd0ed27f', '::1', 4294967295, _binary 0x5f5f63695f6c6173745f726567656e65726174657c693a313735383032323435363b6b6f706d656e73615f746f6b656e7c733a33323a226163343065373335373234373032616364653337386266613766336237323834223b5f63695f70726576696f75735f75726c7c733a33303a22687474703a2f2f6c6f63616c686f73742f7035342d6b6f706d656e73612f223b6964656e746974797c733a353a226b61736972223b757365726e616d657c733a353a226b61736972223b656d61696c7c733a32333a226d696b6861656c66656c69616e40676d61696c2e636f6d223b757365725f69647c733a313a2233223b6f6c645f6c6173745f6c6f67696e7c733a31303a2231373538303232343131223b6c6173745f636865636b7c693a313735383032323435353b),
	('kopmensa_session:cac97a13b9b23744c7a5161a6ea2c35b', '::1', 4294967295, _binary 0x5f5f63695f6c6173745f726567656e65726174657c693a313735373934393237343b6964656e746974797c733a353a226b61736972223b757365726e616d657c733a353a226b61736972223b656d61696c7c733a32333a226d696b6861656c66656c69616e40676d61696c2e636f6d223b757365725f69647c733a313a2233223b6f6c645f6c6173745f6c6f67696e7c733a31303a2231373537393436343930223b6c6173745f636865636b7c693a313735373934393237343b),
	('kopmensa_session:cb80757e6983eb334c3cb5351c3c963a', '::1', 4294967295, _binary 0x5f5f63695f6c6173745f726567656e65726174657c693a313735383033303533383b6b6f706d656e73615f746f6b656e7c733a33323a223434336432346236356164373663373563346662323930373763636666366432223b5f63695f70726576696f75735f75726c7c733a33393a22687474703a2f2f6c6f63616c686f73742f7035342d6b6f706d656e73612f64617368626f617264223b6964656e746974797c733a353a226b61736972223b757365726e616d657c733a353a226b61736972223b656d61696c7c733a32333a226d696b6861656c66656c69616e40676d61696c2e636f6d223b757365725f69647c733a313a2233223b6f6c645f6c6173745f6c6f67696e7c733a31303a2231373538303232343131223b6c6173745f636865636b7c693a313735383032323435353b6b617369725f6f75746c65747c733a313a2232223b6b617369725f6f75746c65745f6e616d657c733a31313a22506f6a6f6b205365647568223b6b617369725f73686966747c733a31353a22534832303235303931363030323032223b6163746976655f73686966745f69647c733a313a2236223b6163746976655f73686966745f636f64657c733a31353a22534832303235303931363030323032223b),
	('kopmensa_session:cbe35c82add2f875db23b5d02e055f5b', '::1', 4294967295, _binary 0x5f5f63695f6c6173745f726567656e65726174657c693a313735363532373731343b6b6f706d656e73615f746f6b656e7c733a33323a223661336234383434613735656261336562333562646336336234353332633336223b5f63695f70726576696f75735f75726c7c733a33393a22687474703a2f2f6c6f63616c686f73742f7035342d6b6f706d656e73612f64617368626f617264223b6964656e746974797c733a353a226b61736972223b757365726e616d657c733a353a226b61736972223b656d61696c7c733a32333a226d696b6861656c66656c69616e40676d61696c2e636f6d223b757365725f69647c733a313a2233223b6f6c645f6c6173745f6c6f67696e7c733a31303a2231373536343837313631223b6c6173745f636865636b7c693a313735363532303339343b6b617369725f6f75746c65747c733a313a2232223b6b617369725f6f75746c65745f6e616d657c733a31313a22506f6a6f6b205365647568223b6b617369725f73686966747c693a343b6163746976655f73686966745f69647c733a313a2234223b6163746976655f73686966745f636f64657c733a31353a22534832303235303833303030323031223b),
	('kopmensa_session:cdeb11cd9221b6cc3fce4ecf9f3a53f7', '::1', 4294967295, _binary 0x5f5f63695f6c6173745f726567656e65726174657c693a313735363931363632363b6964656e746974797c733a353a226b61736972223b757365726e616d657c733a353a226b61736972223b656d61696c7c733a32333a226d696b6861656c66656c69616e40676d61696c2e636f6d223b757365725f69647c733a313a2233223b6f6c645f6c6173745f6c6f67696e7c733a31303a2231373536393132353838223b6c6173745f636865636b7c693a313735363931363632363b),
	('kopmensa_session:cf605f63d9890ad4de5b8a1f2990c732', '::1', 4294967295, _binary 0x5f5f63695f6c6173745f726567656e65726174657c693a313735383038313134353b6b6f706d656e73615f746f6b656e7c733a33323a226234633565393139613335383961633965646530373938396434663038353861223b5f63695f70726576696f75735f75726c7c733a33393a22687474703a2f2f6c6f63616c686f73742f7035342d6b6f706d656e73612f64617368626f617264223b6964656e746974797c733a31303a22737570657261646d696e223b757365726e616d657c733a31303a22737570657261646d696e223b656d61696c7c733a32303a22737570657261646d696e4061646d696e2e636f6d223b757365725f69647c733a313a2232223b6f6c645f6c6173745f6c6f67696e7c733a31303a2231373537393836343530223b6c6173745f636865636b7c693a313735383037393738373b5f5f63695f766172737c613a303a7b7d),
	('kopmensa_session:d1dc7b1ddc303f2468ad91ba7c8a2145', '::1', 4294967295, _binary 0x5f5f63695f6c6173745f726567656e65726174657c693a313735363931363632363b6964656e746974797c733a353a226b61736972223b757365726e616d657c733a353a226b61736972223b656d61696c7c733a32333a226d696b6861656c66656c69616e40676d61696c2e636f6d223b757365725f69647c733a313a2233223b6f6c645f6c6173745f6c6f67696e7c733a31303a2231373536393131353833223b6c6173745f636865636b7c693a313735363931323538383b),
	('kopmensa_session:d2ab738710b92fc81e3630562c95d0d5', '::1', 4294967295, _binary 0x5f5f63695f6c6173745f726567656e65726174657c693a313735373839393438393b6b6f706d656e73615f746f6b656e7c733a33323a226137663563393963346439363161396166646263393364643561633032616337223b5f63695f70726576696f75735f75726c7c733a33303a22687474703a2f2f6c6f63616c686f73742f7035342d6b6f706d656e73612f223b),
	('kopmensa_session:d4524cd5bd363b7b3582e655129b5f5a', '::1', 4294967295, _binary 0x5f5f63695f6c6173745f726567656e65726174657c693a313735363532393538363b6b6f706d656e73615f746f6b656e7c733a33323a223964623733383064363733386234623039316338613764393236613030343333223b5f63695f70726576696f75735f75726c7c733a33303a22687474703a2f2f6c6f63616c686f73742f7035342d6b6f706d656e73612f223b6964656e746974797c733a353a226b61736972223b757365726e616d657c733a353a226b61736972223b656d61696c7c733a32333a226d696b6861656c66656c69616e40676d61696c2e636f6d223b757365725f69647c733a313a2233223b6f6c645f6c6173745f6c6f67696e7c733a31303a2231373536353230333934223b6c6173745f636865636b7c693a313735363532393538353b),
	('kopmensa_session:d4e8b2f68bd24ced5f9a305b56e90798', '::1', 4294967295, _binary 0x5f5f63695f6c6173745f726567656e65726174657c693a313735363733343139323b6964656e746974797c733a353a226b61736972223b757365726e616d657c733a353a226b61736972223b656d61696c7c733a32333a226d696b6861656c66656c69616e40676d61696c2e636f6d223b757365725f69647c733a313a2233223b6f6c645f6c6173745f6c6f67696e7c733a31303a2231373536373334313733223b6c6173745f636865636b7c693a313735363733343139323b),
	('kopmensa_session:d51d1a83353f70b4a3fd3f2b2ff11725', '::1', 4294967295, _binary 0x5f5f63695f6c6173745f726567656e65726174657c693a313735383033323735393b6b6f706d656e73615f746f6b656e7c733a33323a223637616537666464333437636532323538353736353565323634653462336233223b5f63695f70726576696f75735f75726c7c733a33393a22687474703a2f2f6c6f63616c686f73742f7035342d6b6f706d656e73612f64617368626f617264223b6964656e746974797c733a31303a22737570657261646d696e223b757365726e616d657c733a31303a22737570657261646d696e223b656d61696c7c733a32303a22737570657261646d696e4061646d696e2e636f6d223b757365725f69647c733a313a2232223b6f6c645f6c6173745f6c6f67696e7c733a31303a2231373537393430393230223b6c6173745f636865636b7c693a313735373938363435303b6b617369725f73686966747c733a31353a22534832303235303931363030323031223b6b617369725f6f75746c65747c733a313a2232223b6163746976655f73686966745f69647c733a313a2234223b6163746976655f73686966745f636f64657c733a31353a22534832303235303931363030323031223b5f5f63695f766172737c613a303a7b7d),
	('kopmensa_session:d9d51826151cee298081a5720aeb3168', '::1', 4294967295, _binary 0x5f5f63695f6c6173745f726567656e65726174657c693a313735363532353031333b6b6f706d656e73615f746f6b656e7c733a33323a226666653230663638396436356336666633366633343139393837333162623235223b5f63695f70726576696f75735f75726c7c733a33393a22687474703a2f2f6c6f63616c686f73742f7035342d6b6f706d656e73612f64617368626f617264223b6964656e746974797c733a31303a22737570657261646d696e223b757365726e616d657c733a31303a22737570657261646d696e223b656d61696c7c733a32303a22737570657261646d696e4061646d696e2e636f6d223b757365725f69647c733a313a2232223b6f6c645f6c6173745f6c6f67696e7c733a31303a2231373536343838303835223b6c6173745f636865636b7c693a313735363532303238343b5f5f63695f766172737c613a303a7b7d),
	('kopmensa_session:da6b04693fe9f605de0cd0b57df7cbb3', '::1', 4294967295, _binary 0x5f5f63695f6c6173745f726567656e65726174657c693a313735373934363232343b6964656e746974797c733a353a226b61736972223b757365726e616d657c733a353a226b61736972223b656d61696c7c733a32333a226d696b6861656c66656c69616e40676d61696c2e636f6d223b757365725f69647c733a313a2233223b6f6c645f6c6173745f6c6f67696e7c733a31303a2231373537393434393631223b6c6173745f636865636b7c693a313735373934363232343b),
	('kopmensa_session:dc750ea137ffc1ca8cffa36da2f4283a', '::1', 4294967295, _binary 0x5f5f63695f6c6173745f726567656e65726174657c693a313735373035323437303b6b6f706d656e73615f746f6b656e7c733a33323a223038653539306533666135373365353533393631373737366161343637646663223b5f63695f70726576696f75735f75726c7c733a33303a22687474703a2f2f6c6f63616c686f73742f7035342d6b6f706d656e73612f223b6964656e746974797c733a31303a22737570657261646d696e223b757365726e616d657c733a31303a22737570657261646d696e223b656d61696c7c733a32303a22737570657261646d696e4061646d696e2e636f6d223b757365725f69647c733a313a2232223b6f6c645f6c6173745f6c6f67696e7c733a31303a2231373536393034303239223b6c6173745f636865636b7c693a313735373035323437303b),
	('kopmensa_session:ddb07a75027ab3f0c03e7c49b17e57ab', '::1', 4294967295, _binary 0x5f5f63695f6c6173745f726567656e65726174657c693a313735383031393133303b6b6f706d656e73615f746f6b656e7c733a33323a226662346161623561363935353962386634373437323562386639353637636536223b5f63695f70726576696f75735f75726c7c733a33393a22687474703a2f2f6c6f63616c686f73742f7035342d6b6f706d656e73612f64617368626f617264223b6964656e746974797c733a353a226b61736972223b757365726e616d657c733a353a226b61736972223b656d61696c7c733a32333a226d696b6861656c66656c69616e40676d61696c2e636f6d223b757365725f69647c733a313a2233223b6f6c645f6c6173745f6c6f67696e7c733a31303a2231373537393439323734223b6c6173745f636865636b7c693a313735383031383435333b5f5f63695f766172737c613a303a7b7d),
	('kopmensa_session:df64b0a15e818b35a2be3aaa05aca096', '::1', 4294967295, _binary 0x5f5f63695f6c6173745f726567656e65726174657c693a313735373536343733373b6b6f706d656e73615f746f6b656e7c733a33323a226530386337666536623863313535343761356230356163303034666263653933223b5f63695f70726576696f75735f75726c7c733a33393a22687474703a2f2f6c6f63616c686f73742f7035342d6b6f706d656e73612f64617368626f617264223b6964656e746974797c733a31303a22737570657261646d696e223b757365726e616d657c733a31303a22737570657261646d696e223b656d61696c7c733a32303a22737570657261646d696e4061646d696e2e636f6d223b757365725f69647c733a313a2232223b6f6c645f6c6173745f6c6f67696e7c733a31303a2231373537303532343730223b6c6173745f636865636b7c693a313735373536333735343b),
	('kopmensa_session:dfcc6780b8ae58a20941072c921bc0ea', '::1', 4294967295, _binary 0x5f5f63695f6c6173745f726567656e65726174657c693a313735373335333231353b6964656e746974797c733a353a226b61736972223b757365726e616d657c733a353a226b61736972223b656d61696c7c733a32333a226d696b6861656c66656c69616e40676d61696c2e636f6d223b757365725f69647c733a313a2233223b6f6c645f6c6173745f6c6f67696e7c733a31303a2231373536393436353239223b6c6173745f636865636b7c693a313735373335333231353b),
	('kopmensa_session:e51ce2930028279f2ed4ddc06b1f3bbe', '::1', 4294967295, _binary 0x5f5f63695f6c6173745f726567656e65726174657c693a313735373934333933313b6b6f706d656e73615f746f6b656e7c733a33323a226461643630336637316337373962613563626239396162313736633163393434223b5f63695f70726576696f75735f75726c7c733a33393a22687474703a2f2f6c6f63616c686f73742f7035342d6b6f706d656e73612f64617368626f617264223b6964656e746974797c733a31303a22737570657261646d696e223b757365726e616d657c733a31303a22737570657261646d696e223b656d61696c7c733a32303a22737570657261646d696e4061646d696e2e636f6d223b757365725f69647c733a313a2232223b6f6c645f6c6173745f6c6f67696e7c733a31303a2231373537363339353836223b6c6173745f636865636b7c693a313735373934303932303b5f5f63695f766172737c613a303a7b7d),
	('kopmensa_session:e54ef8098ab2b0b01a8af4ae041b5d20', '::1', 4294967295, _binary 0x5f5f63695f6c6173745f726567656e65726174657c693a313735373935313432383b6b6f706d656e73615f746f6b656e7c733a33323a226537323438363061316166386439386431333566303362626432613963383233223b5f63695f70726576696f75735f75726c7c733a33393a22687474703a2f2f6c6f63616c686f73742f7035342d6b6f706d656e73612f64617368626f617264223b6964656e746974797c733a353a226b61736972223b757365726e616d657c733a353a226b61736972223b656d61696c7c733a32333a226d696b6861656c66656c69616e40676d61696c2e636f6d223b757365725f69647c733a313a2233223b6f6c645f6c6173745f6c6f67696e7c733a31303a2231373537333834313631223b6c6173745f636865636b7c693a313735373934343936313b6b617369725f73686966747c733a31353a22534832303235303931353030323032223b6163746976655f73686966745f69647c733a313a2233223b6163746976655f73686966745f636f64657c733a31353a22534832303235303931353030323032223b6b617369725f6f75746c65747c733a313a2232223b),
	('kopmensa_session:e57bd5aab9f036f0b99ef5df54a0c5f9', '::1', 4294967295, _binary 0x5f5f63695f6c6173745f726567656e65726174657c693a313735383032333136333b6b6f706d656e73615f746f6b656e7c733a33323a223932626464323832343633383336373065653639303536616366366530373130223b5f63695f70726576696f75735f75726c7c733a33393a22687474703a2f2f6c6f63616c686f73742f7035342d6b6f706d656e73612f64617368626f617264223b6964656e746974797c733a353a226b61736972223b757365726e616d657c733a353a226b61736972223b656d61696c7c733a32333a226d696b6861656c66656c69616e40676d61696c2e636f6d223b757365725f69647c733a313a2233223b6f6c645f6c6173745f6c6f67696e7c733a31303a2231373538303232343131223b6c6173745f636865636b7c693a313735383032323435353b6b617369725f6f75746c65747c733a313a2232223b6b617369725f6f75746c65745f6e616d657c733a31313a22506f6a6f6b205365647568223b6b617369725f73686966747c733a31353a22534832303235303931363030323031223b6163746976655f73686966745f69647c733a313a2235223b6163746976655f73686966745f636f64657c733a31353a22534832303235303931363030323031223b5f5f63695f766172737c613a303a7b7d),
	('kopmensa_session:e7839bf09f750b4a4c3da9475810153a', '::1', 4294967295, _binary 0x5f5f63695f6c6173745f726567656e65726174657c693a313735363532333039383b6b6f706d656e73615f746f6b656e7c733a33323a223164343737633731616433333538373361333362633736633935353231333933223b5f63695f70726576696f75735f75726c7c733a33393a22687474703a2f2f6c6f63616c686f73742f7035342d6b6f706d656e73612f64617368626f617264223b6964656e746974797c733a353a226b61736972223b757365726e616d657c733a353a226b61736972223b656d61696c7c733a32333a226d696b6861656c66656c69616e40676d61696c2e636f6d223b757365725f69647c733a313a2233223b6f6c645f6c6173745f6c6f67696e7c733a31303a2231373536343837313631223b6c6173745f636865636b7c693a313735363532303339343b6b617369725f6f75746c65747c733a313a2232223b6b617369725f6f75746c65745f6e616d657c733a31313a22506f6a6f6b205365647568223b6b617369725f73686966747c693a343b6163746976655f73686966745f69647c733a313a2234223b6163746976655f73686966745f636f64657c733a31353a22534832303235303833303030323031223b5f5f63695f766172737c613a303a7b7d),
	('kopmensa_session:e9a1d6c10a837bda05537436fc1326dd', '::1', 4294967295, _binary 0x5f5f63695f6c6173745f726567656e65726174657c693a313735363532333730383b6b6f706d656e73615f746f6b656e7c733a33323a223164343737633731616433333538373361333362633736633935353231333933223b5f63695f70726576696f75735f75726c7c733a33393a22687474703a2f2f6c6f63616c686f73742f7035342d6b6f706d656e73612f64617368626f617264223b6964656e746974797c733a353a226b61736972223b757365726e616d657c733a353a226b61736972223b656d61696c7c733a32333a226d696b6861656c66656c69616e40676d61696c2e636f6d223b757365725f69647c733a313a2233223b6f6c645f6c6173745f6c6f67696e7c733a31303a2231373536343837313631223b6c6173745f636865636b7c693a313735363532303339343b6b617369725f6f75746c65747c733a313a2232223b6b617369725f6f75746c65745f6e616d657c733a31313a22506f6a6f6b205365647568223b6b617369725f73686966747c693a343b6163746976655f73686966745f69647c733a313a2234223b6163746976655f73686966745f636f64657c733a31353a22534832303235303833303030323031223b),
	('kopmensa_session:ea17284d8c120cbe7d270563b8630d02', '::1', 4294967295, _binary 0x5f5f63695f6c6173745f726567656e65726174657c693a313735373934353631373b6b6f706d656e73615f746f6b656e7c733a33323a226330396363373136306661323963393364343435373935343739316139616637223b5f63695f70726576696f75735f75726c7c733a35323a22687474703a2f2f6c6f63616c686f73742f7035342d6b6f706d656e73612f7472616e73616b73692f6a75616c2f63617368696572223b6964656e746974797c733a353a226b61736972223b757365726e616d657c733a353a226b61736972223b656d61696c7c733a32333a226d696b6861656c66656c69616e40676d61696c2e636f6d223b757365725f69647c733a313a2233223b6f6c645f6c6173745f6c6f67696e7c733a31303a2231373537333834313631223b6c6173745f636865636b7c693a313735373934343936313b6572726f727c733a35383a22546964616b2061646120736869667420616b7469662e2053696c616b616e2062756b61207368696674207465726c6562696820646168756c752e223b5f5f63695f766172737c613a313a7b733a353a226572726f72223b733a333a226e6577223b7d),
	('kopmensa_session:eb0d6c8be972195427b9ef18f8491729', '::1', 4294967295, _binary 0x5f5f63695f6c6173745f726567656e65726174657c693a313735363439303533343b6b6f706d656e73615f746f6b656e7c733a33323a223736663661316638303331306632633331626438643131393031643166663731223b5f63695f70726576696f75735f75726c7c733a33393a22687474703a2f2f6c6f63616c686f73742f7035342d6b6f706d656e73612f64617368626f617264223b6964656e746974797c733a31303a22737570657261646d696e223b757365726e616d657c733a31303a22737570657261646d696e223b656d61696c7c733a32303a22737570657261646d696e4061646d696e2e636f6d223b757365725f69647c733a313a2232223b6f6c645f6c6173745f6c6f67696e7c733a31303a2231373536343830313631223b6c6173745f636865636b7c693a313735363438383038353b5f5f63695f766172737c613a303a7b7d),
	('kopmensa_session:edee6f05cb96dc8445cf33f525db7a4c', '::1', 4294967295, _binary 0x5f5f63695f6c6173745f726567656e65726174657c693a313735373934363234313b6964656e746974797c733a353a226b61736972223b757365726e616d657c733a353a226b61736972223b656d61696c7c733a32333a226d696b6861656c66656c69616e40676d61696c2e636f6d223b757365725f69647c733a313a2233223b6f6c645f6c6173745f6c6f67696e7c733a31303a2231373537393436323234223b6c6173745f636865636b7c693a313735373934363234313b),
	('kopmensa_session:f025f8e0bbd5da89a76feb295b32c5db', '::1', 4294967295, _binary 0x5f5f63695f6c6173745f726567656e65726174657c693a313735373630373632373b6b6f706d656e73615f746f6b656e7c733a33323a223330313238613731386361633563663337643438323638373336343936396434223b5f63695f70726576696f75735f75726c7c733a33303a22687474703a2f2f6c6f63616c686f73742f7035342d6b6f706d656e73612f223b),
	('kopmensa_session:f0841c8c6b680c3d408c72bb52df1b02', '::1', 4294967295, _binary 0x5f5f63695f6c6173745f726567656e65726174657c693a313735383033333934373b6b6f706d656e73615f746f6b656e7c733a33323a223734313635383736623663326231626233363138373565323563373561613336223b5f63695f70726576696f75735f75726c7c733a33393a22687474703a2f2f6c6f63616c686f73742f7035342d6b6f706d656e73612f64617368626f617264223b6964656e746974797c733a31303a22737570657261646d696e223b757365726e616d657c733a31303a22737570657261646d696e223b656d61696c7c733a32303a22737570657261646d696e4061646d696e2e636f6d223b757365725f69647c733a313a2232223b6f6c645f6c6173745f6c6f67696e7c733a31303a2231373537393430393230223b6c6173745f636865636b7c693a313735373938363435303b6b617369725f73686966747c733a31353a22534832303235303931363030323031223b6b617369725f6f75746c65747c733a313a2232223b6163746976655f73686966745f69647c733a313a2234223b6163746976655f73686966745f636f64657c733a31353a22534832303235303931363030323031223b5f5f63695f766172737c613a303a7b7d),
	('kopmensa_session:f2f523bb537ce66e2c98630d9534d987', '::1', 4294967295, _binary 0x5f5f63695f6c6173745f726567656e65726174657c693a313735383033343732383b6b6f706d656e73615f746f6b656e7c733a33323a223535343161343663643331306330643830386234373261306432303331383366223b5f63695f70726576696f75735f75726c7c733a33393a22687474703a2f2f6c6f63616c686f73742f7035342d6b6f706d656e73612f64617368626f617264223b6964656e746974797c733a31303a22737570657261646d696e223b757365726e616d657c733a31303a22737570657261646d696e223b656d61696c7c733a32303a22737570657261646d696e4061646d696e2e636f6d223b757365725f69647c733a313a2232223b6f6c645f6c6173745f6c6f67696e7c733a31303a2231373537393430393230223b6c6173745f636865636b7c693a313735373938363435303b6b617369725f73686966747c733a31353a22534832303235303931363030323031223b6b617369725f6f75746c65747c733a313a2232223b6163746976655f73686966745f69647c733a313a2234223b6163746976655f73686966745f636f64657c733a31353a22534832303235303931363030323031223b5f5f63695f766172737c613a303a7b7d),
	('kopmensa_session:f40d6d4bd57d7001c084b4b1d4e12630', '::1', 4294967295, _binary 0x5f5f63695f6c6173745f726567656e65726174657c693a313735373934343839303b6b6f706d656e73615f746f6b656e7c733a33323a226461643630336637316337373962613563626239396162313736633163393434223b5f63695f70726576696f75735f75726c7c733a33393a22687474703a2f2f6c6f63616c686f73742f7035342d6b6f706d656e73612f64617368626f617264223b6964656e746974797c733a31303a22737570657261646d696e223b757365726e616d657c733a31303a22737570657261646d696e223b656d61696c7c733a32303a22737570657261646d696e4061646d696e2e636f6d223b757365725f69647c733a313a2232223b6f6c645f6c6173745f6c6f67696e7c733a31303a2231373537363339353836223b6c6173745f636865636b7c693a313735373934303932303b5f5f63695f766172737c613a303a7b7d),
	('kopmensa_session:f4f84d02bf54b5b1830000a6f3adadf6', '::1', 4294967295, _binary 0x5f5f63695f6c6173745f726567656e65726174657c693a313735363931313538333b6964656e746974797c733a353a226b61736972223b757365726e616d657c733a353a226b61736972223b656d61696c7c733a32333a226d696b6861656c66656c69616e40676d61696c2e636f6d223b757365725f69647c733a313a2233223b6f6c645f6c6173745f6c6f67696e7c733a31303a2231373536393034333632223b6c6173745f636865636b7c693a313735363931313538333b),
	('kopmensa_session:f637d12f9c793723024b4759e0dd920a', '::1', 4294967295, _binary 0x5f5f63695f6c6173745f726567656e65726174657c693a313735363532393138383b6b6f706d656e73615f746f6b656e7c733a33323a226365633165376562656264393866313066383030393432346331663630666638223b5f63695f70726576696f75735f75726c7c733a33393a22687474703a2f2f6c6f63616c686f73742f7035342d6b6f706d656e73612f64617368626f617264223b6964656e746974797c733a31303a22737570657261646d696e223b757365726e616d657c733a31303a22737570657261646d696e223b656d61696c7c733a32303a22737570657261646d696e4061646d696e2e636f6d223b757365725f69647c733a313a2232223b6f6c645f6c6173745f6c6f67696e7c733a31303a2231373536343838303835223b6c6173745f636865636b7c693a313735363532303238343b),
	('kopmensa_session:f6ace10de919b133b0f4fdb6b75c3676', '::1', 4294967295, _binary 0x5f5f63695f6c6173745f726567656e65726174657c693a313735363533303138383b6b6f706d656e73615f746f6b656e7c733a33323a223839363238366232353861366266363636373937346335323636616561663862223b5f63695f70726576696f75735f75726c7c733a33393a22687474703a2f2f6c6f63616c686f73742f7035342d6b6f706d656e73612f64617368626f617264223b6964656e746974797c733a353a226b61736972223b757365726e616d657c733a353a226b61736972223b656d61696c7c733a32333a226d696b6861656c66656c69616e40676d61696c2e636f6d223b757365725f69647c733a313a2233223b6f6c645f6c6173745f6c6f67696e7c733a31303a2231373536353230333934223b6c6173745f636865636b7c693a313735363532393538353b6b617369725f6f75746c65747c733a313a2232223b6b617369725f6f75746c65745f6e616d657c733a31313a22506f6a6f6b205365647568223b6163746976655f73686966745f69647c733a313a2235223b6163746976655f73686966745f636f64657c733a31353a22534832303235303833303030323032223b6b617369725f73686966747c693a353b5f5f63695f766172737c613a303a7b7d),
	('kopmensa_session:f92d87e18f3e52727e074575ad62dd34', '::1', 4294967295, _binary 0x5f5f63695f6c6173745f726567656e65726174657c693a313735363438393932333b6b6f706d656e73615f746f6b656e7c733a33323a223736663661316638303331306632633331626438643131393031643166663731223b5f63695f70726576696f75735f75726c7c733a33393a22687474703a2f2f6c6f63616c686f73742f7035342d6b6f706d656e73612f64617368626f617264223b6964656e746974797c733a31303a22737570657261646d696e223b757365726e616d657c733a31303a22737570657261646d696e223b656d61696c7c733a32303a22737570657261646d696e4061646d696e2e636f6d223b757365725f69647c733a313a2232223b6f6c645f6c6173745f6c6f67696e7c733a31303a2231373536343830313631223b6c6173745f636865636b7c693a313735363438383038353b5f5f63695f766172737c613a303a7b7d),
	('kopmensa_session:fa6d6e9736202225d6f746d8f8208ee7', '::1', 4294967295, _binary 0x5f5f63695f6c6173745f726567656e65726174657c693a313735383033393733333b6b6f706d656e73615f746f6b656e7c733a33323a223535343161343663643331306330643830386234373261306432303331383366223b5f63695f70726576696f75735f75726c7c733a33393a22687474703a2f2f6c6f63616c686f73742f7035342d6b6f706d656e73612f64617368626f617264223b6964656e746974797c733a31303a22737570657261646d696e223b757365726e616d657c733a31303a22737570657261646d696e223b656d61696c7c733a32303a22737570657261646d696e4061646d696e2e636f6d223b757365725f69647c733a313a2232223b6f6c645f6c6173745f6c6f67696e7c733a31303a2231373537393430393230223b6c6173745f636865636b7c693a313735373938363435303b6b617369725f73686966747c733a31353a22534832303235303931363030323031223b6b617369725f6f75746c65747c733a313a2232223b6163746976655f73686966745f69647c733a313a2234223b6163746976655f73686966745f636f64657c733a31353a22534832303235303931363030323031223b5f5f63695f766172737c613a303a7b7d),
	('kopmensa_session:fb1855236d5ee329c4488849300c75e8', '::1', 4294967295, _binary 0x5f5f63695f6c6173745f726567656e65726174657c693a313735373038373337343b6b6f706d656e73615f746f6b656e7c733a33323a223038653539306533666135373365353533393631373737366161343637646663223b5f63695f70726576696f75735f75726c7c733a33393a22687474703a2f2f6c6f63616c686f73742f7035342d6b6f706d656e73612f64617368626f617264223b6964656e746974797c733a31303a22737570657261646d696e223b757365726e616d657c733a31303a22737570657261646d696e223b656d61696c7c733a32303a22737570657261646d696e4061646d696e2e636f6d223b757365725f69647c733a313a2232223b6f6c645f6c6173745f6c6f67696e7c733a31303a2231373536393034303239223b6c6173745f636865636b7c693a313735373035323437303b5f5f63695f766172737c613a303a7b7d),
	('kopmensa_session:fd4de964352e38d8da41b099b3223e07', '::1', 4294967295, _binary 0x5f5f63695f6c6173745f726567656e65726174657c693a313735363930333032323b6964656e746974797c733a353a226b61736972223b757365726e616d657c733a353a226b61736972223b656d61696c7c733a32333a226d696b6861656c66656c69616e40676d61696c2e636f6d223b757365725f69647c733a313a2233223b6f6c645f6c6173745f6c6f67696e7c733a31303a2231373536393032393132223b6c6173745f636865636b7c693a313735363930333032323b),
	('kopmensa_session:fd5b12d440eba67e71d1c8667cffa6e2', '::1', 4294967295, _binary 0x5f5f63695f6c6173745f726567656e65726174657c693a313735363532313236323b6b6f706d656e73615f746f6b656e7c733a33323a223733646539613435393430366365663566383961623439626231643432626565223b5f63695f70726576696f75735f75726c7c733a33393a22687474703a2f2f6c6f63616c686f73742f7035342d6b6f706d656e73612f64617368626f617264223b6964656e746974797c733a353a226b61736972223b757365726e616d657c733a353a226b61736972223b656d61696c7c733a32333a226d696b6861656c66656c69616e40676d61696c2e636f6d223b757365725f69647c733a313a2233223b6f6c645f6c6173745f6c6f67696e7c733a31303a2231373536343837313631223b6c6173745f636865636b7c693a313735363532303339343b6b617369725f6f75746c65747c733a313a2232223b6b617369725f6f75746c65745f6e616d657c733a31313a22506f6a6f6b205365647568223b5f5f63695f766172737c613a303a7b7d),
	('kopmensa_session:fdb7bdf9698f557da93899a6bc24e1b0', '::1', 4294967295, _binary 0x6b6f706d656e73615f746f6b656e7c733a33323a223936323038656335386262656534343337646532303731393734316665616331223b5f5f63695f6c6173745f726567656e65726174657c693a313735373938333432303b5f63695f70726576696f75735f75726c7c733a33303a22687474703a2f2f6c6f63616c686f73742f7035342d6b6f706d656e73612f223b),
	('kopmensa_session:febde48ebe325d4625fa7f94468c92e6', '::1', 4294967295, _binary 0x5f5f63695f6c6173745f726567656e65726174657c693a313735383033353438383b6b6f706d656e73615f746f6b656e7c733a33323a223535343161343663643331306330643830386234373261306432303331383366223b5f63695f70726576696f75735f75726c7c733a33393a22687474703a2f2f6c6f63616c686f73742f7035342d6b6f706d656e73612f64617368626f617264223b6964656e746974797c733a31303a22737570657261646d696e223b757365726e616d657c733a31303a22737570657261646d696e223b656d61696c7c733a32303a22737570657261646d696e4061646d696e2e636f6d223b757365725f69647c733a313a2232223b6f6c645f6c6173745f6c6f67696e7c733a31303a2231373537393430393230223b6c6173745f636865636b7c693a313735373938363435303b6b617369725f73686966747c733a31353a22534832303235303931363030323031223b6b617369725f6f75746c65747c733a313a2232223b6163746976655f73686966745f69647c733a313a2234223b6163746976655f73686966745f636f64657c733a31353a22534832303235303931363030323031223b5f5f63695f766172737c613a303a7b7d),
	('kopmensa_session:ff1e0e60f1efb0104ce8d71b91adfd41', '::1', 4294967295, _binary 0x5f5f63695f6c6173745f726567656e65726174657c693a313735383033313535393b6b6f706d656e73615f746f6b656e7c733a33323a226161643639313732323763663565353464323533656537656164326231633436223b5f63695f70726576696f75735f75726c7c733a33393a22687474703a2f2f6c6f63616c686f73742f7035342d6b6f706d656e73612f64617368626f617264223b6964656e746974797c733a31303a22737570657261646d696e223b757365726e616d657c733a31303a22737570657261646d696e223b656d61696c7c733a32303a22737570657261646d696e4061646d696e2e636f6d223b757365725f69647c733a313a2232223b6f6c645f6c6173745f6c6f67696e7c733a31303a2231373537393430393230223b6c6173745f636865636b7c693a313735373938363435303b6b617369725f73686966747c733a31353a22534832303235303931363030323031223b6b617369725f6f75746c65747c733a313a2232223b6163746976655f73686966745f69647c733a313a2234223b6163746976655f73686966745f636f64657c733a31353a22534832303235303931363030323031223b5f5f63695f766172737c613a303a7b7d);

-- Dumping structure for table db_p57_kaldera.tbl_target_fisik_keu_detail
DROP TABLE IF EXISTS `tbl_target_fisik_keu_detail`;
CREATE TABLE IF NOT EXISTS `tbl_target_fisik_keu_detail` (
  `id` int(11) unsigned NOT NULL AUTO_INCREMENT,
  `master_id` int(11) unsigned NOT NULL,
  `bulan` varchar(3) NOT NULL,
  `fisik` decimal(5,2) NOT NULL DEFAULT 0.00,
  `keu` decimal(5,2) NOT NULL DEFAULT 0.00,
  `created_at` datetime DEFAULT NULL,
  `updated_at` datetime DEFAULT NULL,
  `keu_real` decimal(5,2) DEFAULT 0.00,
  `tahun` int(4) DEFAULT 2025,
  `realisasi_fisik` decimal(5,2) DEFAULT 0.00 COMMENT 'Realisasi Fisik (%)',
  `realisasi_fisik_prov` decimal(5,2) DEFAULT 0.00 COMMENT 'Realisasi Fisik Provinsi (%)',
  `realisasi_keu_prov` decimal(5,2) DEFAULT 0.00 COMMENT 'Realisasi Keuangan Provinsi (%)',
  `analisa` text DEFAULT NULL COMMENT 'Analisa',
  PRIMARY KEY (`id`),
  KEY `tbl_target_fisik_keu_detail_master_id_foreign` (`master_id`),
  CONSTRAINT `tbl_target_fisik_keu_detail_master_id_foreign` FOREIGN KEY (`master_id`) REFERENCES `tbl_target_fisik_keu_master` (`id`) ON DELETE CASCADE ON UPDATE CASCADE
) ENGINE=InnoDB AUTO_INCREMENT=16 DEFAULT CHARSET=utf8mb4 COLLATE=utf8mb4_general_ci;

-- Dumping data for table db_p57_kaldera.tbl_target_fisik_keu_detail: ~15 rows (approximately)
DELETE FROM `tbl_target_fisik_keu_detail`;
INSERT INTO `tbl_target_fisik_keu_detail` (`id`, `master_id`, `bulan`, `fisik`, `keu`, `created_at`, `updated_at`, `keu_real`, `tahun`, `realisasi_fisik`, `realisasi_fisik_prov`, `realisasi_keu_prov`, `analisa`) VALUES
	(1, 1, 'jan', 0.00, 0.00, '2025-09-17 19:58:07', '2025-09-17 19:58:07', 0.00, 2025, 0.00, 0.00, 0.00, NULL),
	(2, 1, 'feb', 0.00, 0.00, '2025-09-17 19:58:07', '2025-09-17 19:58:07', 0.00, 2025, 0.00, 0.00, 0.00, NULL),
	(3, 1, 'mar', 0.00, 0.00, '2025-09-17 19:58:07', '2025-09-17 19:58:07', 0.00, 2025, 0.00, 0.00, 0.00, NULL),
	(4, 1, 'apr', 0.00, 0.00, '2025-09-17 19:58:07', '2025-09-17 19:58:07', 0.00, 2025, 0.00, 0.00, 0.00, NULL),
	(5, 1, 'mei', 0.00, 0.00, '2025-09-17 19:58:07', '2025-09-17 19:58:07', 0.00, 2025, 0.00, 0.00, 0.00, NULL),
	(6, 1, 'jun', 0.00, 0.00, '2025-09-17 19:58:07', '2025-09-17 19:58:07', 0.00, 2025, 0.00, 0.00, 0.00, NULL),
	(7, 1, 'jul', 0.00, 0.00, '2025-09-17 19:58:07', '2025-09-17 19:58:07', 0.00, 2025, 0.00, 0.00, 0.00, NULL),
	(8, 1, 'ags', 0.00, 0.00, '2025-09-17 19:58:07', '2025-09-17 19:58:07', 0.00, 2025, 0.00, 0.00, 0.00, NULL),
	(9, 1, 'sep', 0.00, 0.00, '2025-09-17 19:58:07', '2025-09-17 19:58:07', 0.00, 2025, 0.00, 0.00, 0.00, NULL),
	(10, 1, 'okt', 0.00, 0.00, '2025-09-17 19:58:07', '2025-09-17 19:58:07', 0.00, 2025, 0.00, 0.00, 0.00, NULL),
	(11, 1, 'nov', 0.00, 0.00, '2025-09-17 19:58:07', '2025-09-17 19:58:07', 0.00, 2025, 0.00, 0.00, 0.00, NULL),
	(12, 1, 'des', 0.00, 0.00, '2025-09-17 19:58:07', '2025-09-17 19:58:07', 0.00, 2025, 0.00, 0.00, 0.00, NULL),
	(13, 2, 'des', 0.00, 999.99, '2025-09-18 08:28:03', '2025-09-18 08:28:03', 0.00, 2025, 0.00, 0.00, 0.00, NULL),
	(14, 2, 'jan', 999.99, 0.00, '2025-09-18 12:06:22', '2025-09-18 12:06:22', 0.00, 2025, 0.00, 0.00, 0.00, NULL),
	(15, 2, 'jan', 700.00, 0.00, '2025-09-18 12:08:24', '2025-09-18 12:08:24', 0.00, 2025, 0.00, 0.00, 0.00, NULL);

-- Dumping structure for table db_p57_kaldera.tbl_target_fisik_keu_master
DROP TABLE IF EXISTS `tbl_target_fisik_keu_master`;
CREATE TABLE IF NOT EXISTS `tbl_target_fisik_keu_master` (
  `id` int(11) unsigned NOT NULL AUTO_INCREMENT,
  `nama` varchar(150) NOT NULL,
  `tahapan` varchar(100) DEFAULT NULL,
  `created_at` datetime DEFAULT NULL,
  `updated_at` datetime DEFAULT NULL,
  PRIMARY KEY (`id`)
) ENGINE=InnoDB AUTO_INCREMENT=3 DEFAULT CHARSET=utf8mb4 COLLATE=utf8mb4_general_ci;

-- Dumping data for table db_p57_kaldera.tbl_target_fisik_keu_master: ~2 rows (approximately)
DELETE FROM `tbl_target_fisik_keu_master`;
INSERT INTO `tbl_target_fisik_keu_master` (`id`, `nama`, `tahapan`, `created_at`, `updated_at`) VALUES
	(1, 'Target Fisik (%)', '', '2025-09-17 19:58:07', '2025-09-17 19:58:07'),
	(2, 'Target Keuangan (%)', NULL, NULL, NULL);

/*!40103 SET TIME_ZONE=IFNULL(@OLD_TIME_ZONE, 'system') */;
/*!40101 SET SQL_MODE=IFNULL(@OLD_SQL_MODE, '') */;
/*!40014 SET FOREIGN_KEY_CHECKS=IFNULL(@OLD_FOREIGN_KEY_CHECKS, 1) */;
/*!40101 SET CHARACTER_SET_CLIENT=@OLD_CHARACTER_SET_CLIENT */;
/*!40111 SET SQL_NOTES=IFNULL(@OLD_SQL_NOTES, 1) */;
